instance,set,rule,relax,ub,status,nodes,time,loup,uplo,timeout
3pk-borne.bch,coconutbenchmark-library2,lsmear,both,ipoptxn,timeout,96852,600.0087890000002,1114.3127881893636,-112958.93415734988,600.0
3pk-borne.bch,coconutbenchmark-library2,roundrobin,both,ipoptxn,timeout,134394,600.0025820000002,1114.312789028022,-1088833.634759431,600.0
3pk-borne.bch,coconutbenchmark-library2,smearsumrel,both,ipoptxn,timeout,98778,600.0104880000004,1114.3127881893636,-112474.31959086643,600.0
3pk-borne.bch,coconutbenchmark-library2,lsmear-guard,both,ipoptxn,timeout,96934,600.0048650000002,1114.3127881893636,-112948.51827361881,600.0
3pk-borne.bch,coconutbenchmark-library2,ref-ipopt,both,ipoptxn,timeout,93648,599.9904090000002,1114.312788015722,-79119.28821869477,600.0
3pk.bch,coconutbenchmark-library2,lsmear,both,ipoptxn,unbounded,62,0.015304999999999904,5.270870301420892e+23,-inf,600.0
3pk.bch,coconutbenchmark-library2,roundrobin,both,ipoptxn,unbounded,62,0.01381700000000008,5.270870301420892e+23,-inf,600.0
3pk.bch,coconutbenchmark-library2,smearsumrel,both,ipoptxn,unbounded,62,0.015153000000000085,5.270870301420892e+23,-inf,600.0
3pk.bch,coconutbenchmark-library2,lsmear-guard,both,ipoptxn,unbounded,62,0.015503000000000045,5.270870301420892e+23,-inf,600.0
3pk.bch,coconutbenchmark-library2,ref-ipopt,both,ipoptxn,timeout,89350,599.9939380000002,1.7201185696475267,-145678.5097780945,600.0
abel.bch,unsolved,lsmear,both,ipoptxn,timeout,67666,600.0020120000003,225.1945825741209,-1026703.5035245211,600.0
abel.bch,unsolved,roundrobin,both,ipoptxn,timeout,42114,600.0245280000004,225.1945825741209,-1016299.4979804863,600.0
abel.bch,unsolved,smearsumrel,both,ipoptxn,timeout,50154,600.0129090000003,225.1945825741209,-1113815.0438739555,600.0
abel.bch,unsolved,lsmear-guard,both,ipoptxn,timeout,67040,600.0234580000002,225.1945825741209,-1026703.5035245211,600.0
abel.bch,unsolved,ref-ipopt,both,ipoptxn,timeout,74452,599.9946100000002,225.1945825741209,-969036.0687561714,600.0
abelbis-1.bch,unsolved,lsmear,both,ipoptxn,timeout,31036,600.0546160000002,225.1945825741216,-288.50081907225336,600.0
abelbis-1.bch,unsolved,roundrobin,both,ipoptxn,timeout,28542,600.0185230000003,225.1945825741216,-688.1001799175233,600.0
abelbis-1.bch,unsolved,smearsumrel,both,ipoptxn,timeout,31042,600.0052650000002,225.1945825741216,-116.816389163528,600.0
abelbis-1.bch,unsolved,lsmear-guard,both,ipoptxn,timeout,31150,600.0266510000001,225.1945825741216,-287.73631420327615,600.0
abelbis-1.bch,unsolved,ref-ipopt,both,ipoptxn,timeout,24092,599.9877990000002,225.1945825741216,-48.616637159967645,600.0
abelbis.bch,unsolved,lsmear,both,ipoptxn,timeout,26908,600.0096930000002,225.19458257391958,-603817553.8518447,600.0
abelbis.bch,unsolved,roundrobin,both,ipoptxn,timeout,20376,600.0093890000002,225.1945825739193,-189494215168.43558,600.0
abelbis.bch,unsolved,smearsumrel,both,ipoptxn,timeout,33250,600.0201090000003,225.19458257391958,-149.2731509940943,600.0
abelbis.bch,unsolved,lsmear-guard,both,ipoptxn,timeout,27152,600.0255760000002,225.19458257391958,-118518936.65885969,600.0
abelbis.bch,unsolved,ref-ipopt,both,ipoptxn,timeout,94652,599.9993210000002,inf,-2.5298862757119777e+40,600.0
abelter-1.bch,unsolved,lsmear,both,ipoptxn,timeout,43352,600.0208370000003,225.19458257412063,22.507214677483486,600.0
abelter-1.bch,unsolved,roundrobin,both,ipoptxn,timeout,41116,600.0194570000001,225.19458257412063,42.753454505851096,600.0
abelter-1.bch,unsolved,smearsumrel,both,ipoptxn,timeout,39572,600.0529760000002,225.19458257412063,60.97507035138194,600.0
abelter-1.bch,unsolved,lsmear-guard,both,ipoptxn,timeout,43314,600.0284970000002,225.19458257412063,22.507214677483486,600.0
abelter-1.bch,unsolved,ref-ipopt,both,ipoptxn,timeout,40450,599.9649950000002,225.19458257412063,60.97507035138194,600.0
ackley_5.bch,easy,lsmear,both,ipoptxn,complete,44,0.9484640000000002,-8.28459025825623e-07,-8.284590578000461e-07,600.0
ackley_5.bch,easy,roundrobin,both,ipoptxn,complete,12,0.012467000000000002,-8.284590364837641e-07,-8.284590578000461e-07,600.0
ackley_5.bch,easy,smearsumrel,both,ipoptxn,complete,44,0.9352910000000002,-8.28459025825623e-07,-8.284590578000461e-07,600.0
ackley_5.bch,easy,lsmear-guard,both,ipoptxn,complete,26,0.10723500000000002,-8.284590364837641e-07,-8.284590578000461e-07,600.0
ackley_5.bch,easy,ref-ipopt,both,ipoptxn,complete,24,0.5664780000000003,-8.020846067324783e-07,-8.284590578000461e-07,600.0
aircraftb.bch,coconutbenchmark-library2,lsmear,both,ipoptxn,complete,12,0.11600900000000001,4.942121333095273e-13,0,600.0
aircraftb.bch,coconutbenchmark-library2,roundrobin,both,ipoptxn,complete,12,0.12400000000000003,1.6021109103928463e-13,0,600.0
aircraftb.bch,coconutbenchmark-library2,smearsumrel,both,ipoptxn,complete,12,0.10938500000000004,4.942121333095273e-13,0,600.0
aircraftb.bch,coconutbenchmark-library2,lsmear-guard,both,ipoptxn,complete,12,0.11566600000000005,4.942121333095273e-13,0,600.0
aircraftb.bch,coconutbenchmark-library2,ref-ipopt,both,ipoptxn,complete,14,0.3605880000000001,1.550081513244492e-13,0,600.0
alkyl.bch,medium,lsmear,both,ipoptxn,complete,2,0.015347,-1.7650000710647618,-1.7667668379026642,600.0
alkyl.bch,medium,roundrobin,both,ipoptxn,complete,2,0.015854999999999994,-1.7650000290295385,-1.7667667958253637,600.0
alkyl.bch,medium,smearsumrel,both,ipoptxn,complete,2,0.016410000000000008,-1.7649998160829838,-1.7667665826656493,600.0
alkyl.bch,medium,lsmear-guard,both,ipoptxn,complete,2,0.015303999999999984,-1.7650000710647618,-1.7667668379026642,600.0
alkyl.bch,medium,ref-ipopt,both,ipoptxn,complete,2,0.015208,-1.7650000720073962,-1.7667668388462423,600.0
alkylbis.bch,medium,lsmear,both,ipoptxn,complete,2,0.015194,-1.7650000710672522,-1.766766837905157,600.0
alkylbis.bch,medium,roundrobin,both,ipoptxn,complete,2,0.015546000000000004,-1.7650000290295385,-1.7667667958253637,600.0
alkylbis.bch,medium,smearsumrel,both,ipoptxn,complete,2,0.016763,-1.7649998160829998,-1.7667665826656653,600.0
alkylbis.bch,medium,lsmear-guard,both,ipoptxn,complete,2,0.015226000000000003,-1.7650000710672522,-1.766766837905157,600.0
alkylbis.bch,medium,ref-ipopt,both,ipoptxn,complete,16,0.1139670000000002,-1.7650000720073642,-1.7667668388462103,600.0
avgasa.bch,coconutbenchmark-library2,lsmear,both,ipoptxn,complete,188,0.5901490000000003,-4.412171709386944,-4.416588297684627,600.0
avgasa.bch,coconutbenchmark-library2,roundrobin,both,ipoptxn,complete,296,0.8945570000000003,-4.412171709386981,-4.416588297684664,600.0
avgasa.bch,coconutbenchmark-library2,smearsumrel,both,ipoptxn,complete,254,0.7403000000000002,-4.412171709386938,-4.416588297684622,600.0
avgasa.bch,coconutbenchmark-library2,lsmear-guard,both,ipoptxn,complete,188,0.5833820000000003,-4.412171709386944,-4.416588297684627,600.0
avgasa.bch,coconutbenchmark-library2,ref-ipopt,both,ipoptxn,complete,214,0.6423700000000003,-4.41217170938694,-4.416588297684624,600.0
avgasb.bch,coconutbenchmark-library2,lsmear,both,ipoptxn,complete,54,0.20881300000000005,-4.483219361587807,-4.487707068656462,600.0
avgasb.bch,coconutbenchmark-library2,roundrobin,both,ipoptxn,complete,42,0.18374100000000002,-4.483219361587803,-4.487707068656459,600.0
avgasb.bch,coconutbenchmark-library2,smearsumrel,both,ipoptxn,complete,50,0.21565000000000004,-4.4832193615878015,-4.487707068656457,600.0
avgasb.bch,coconutbenchmark-library2,lsmear-guard,both,ipoptxn,complete,54,0.20813200000000007,-4.483219361587807,-4.487707068656462,600.0
avgasb.bch,coconutbenchmark-library2,ref-ipopt,both,ipoptxn,complete,54,0.2088120000000001,-4.483219361587802,-4.487707068656458,600.0
avion2.bch,coconutbenchmark-library2,lsmear,both,ipoptxn,complete,2,0.00020999999999998797,94680173.28940472,94585587.70170303,600.0
avion2.bch,coconutbenchmark-library2,roundrobin,both,ipoptxn,complete,2,0.00016099999999996673,94680173.28940472,94585587.70170303,600.0
avion2.bch,coconutbenchmark-library2,smearsumrel,both,ipoptxn,complete,2,0.00020999999999998797,94680173.28940472,94585587.70170303,600.0
avion2.bch,coconutbenchmark-library2,lsmear-guard,both,ipoptxn,complete,2,0.00019500000000000073,94680173.28940472,94585587.70170303,600.0
avion2.bch,coconutbenchmark-library2,ref-ipopt,both,ipoptxn,complete,2,0.0002609999999999558,94680173.28940472,94585587.70170303,600.0
batch.bch,coconutbenchmark-library2,lsmear,both,ipoptxn,complete,40,1.8102350000000007,259180.351169296,258921.42973955645,600.0
batch.bch,coconutbenchmark-library2,roundrobin,both,ipoptxn,complete,38,1.8247080000000009,259180.3511695304,258921.42973979062,600.0
batch.bch,coconutbenchmark-library2,smearsumrel,both,ipoptxn,complete,40,1.9079640000000004,259180.3511695304,258921.42973979062,600.0
batch.bch,coconutbenchmark-library2,lsmear-guard,both,ipoptxn,complete,40,1.8065980000000006,259180.351169296,258921.42973955645,600.0
batch.bch,coconutbenchmark-library2,ref-ipopt,both,ipoptxn,complete,42,1.858510000000001,259180.35116950513,258921.4297397654,600.0
bearing.bch,medium,lsmear,both,ipoptxn,complete,42,0.37477600000000005,1.9517313862192283,1.949781604614614,600.0
bearing.bch,medium,roundrobin,both,ipoptxn,complete,62,0.4394530000000001,1.9517313862192283,1.949781604614614,600.0
bearing.bch,medium,smearsumrel,both,ipoptxn,complete,42,0.39935000000000015,1.9517313862192283,1.949781604614614,600.0
bearing.bch,medium,lsmear-guard,both,ipoptxn,complete,42,0.37020500000000006,1.9517313862192283,1.949781604614614,600.0
bearing.bch,medium,ref-ipopt,both,ipoptxn,complete,42,0.3468560000000001,1.9517313862192283,1.949781604614614,600.0
brownal.bch,coconutbenchmark-library2,lsmear,both,ipoptxn,timeout,15149404,600.0000850000002,3.4060331638127953e+21,0,600.0
brownal.bch,coconutbenchmark-library2,roundrobin,both,ipoptxn,complete,3300218,119.55331800000002,6.338466824125103e-19,0,600.0
brownal.bch,coconutbenchmark-library2,smearsumrel,both,ipoptxn,timeout,15191808,600.0000670000003,3.4060331638127953e+21,0,600.0
brownal.bch,coconutbenchmark-library2,lsmear-guard,both,ipoptxn,complete,1690654,61.198478000000016,1.7860577849852912e-19,0,600.0
brownal.bch,coconutbenchmark-library2,ref-ipopt,both,ipoptxn,timeout,6589714,599.9998340000002,inf,0,600.0
catena.bch,coconutbenchmark-library2,lsmear,both,ipoptxn,timeout,79046,600.0128670000003,-23077.746427605798,-26685.35895774655,600.0
catena.bch,coconutbenchmark-library2,roundrobin,both,ipoptxn,timeout,64420,600.0228680000002,-23077.746427605798,-25638.27633829948,600.0
catena.bch,coconutbenchmark-library2,smearsumrel,both,ipoptxn,timeout,74098,600.0036980000003,-23077.746427605798,-26643.109925399403,600.0
catena.bch,coconutbenchmark-library2,lsmear-guard,both,ipoptxn,timeout,57606,600.0096950000002,-23077.746427605798,-26726.312423245825,600.0
catena.bch,coconutbenchmark-library2,ref-ipopt,both,ipoptxn,timeout,67068,599.9877800000002,-23077.746427605798,-26375.501815296382,600.0
chakra-1.bch,unsolved,lsmear,both,ipoptxn,timeout,15786,600.0487660000002,-179.13355796988637,-188.50925540415335,600.0
chakra-1.bch,unsolved,roundrobin,both,ipoptxn,timeout,23864,600.0090020000002,-179.13355796988637,-184.83262725445812,600.0
chakra-1.bch,unsolved,smearsumrel,both,ipoptxn,timeout,25482,600.0303520000002,-179.13355796988637,-184.5869960073353,600.0
chakra-1.bch,unsolved,lsmear-guard,both,ipoptxn,timeout,15742,600.0211080000003,-179.13355796988637,-188.50925540415335,600.0
chakra-1.bch,unsolved,ref-ipopt,both,ipoptxn,timeout,15648,599.9411320000002,-179.13355796988637,-186.49599797668517,600.0
chakra.bch,unsolved,lsmear,both,ipoptxn,timeout,15306,600.0497920000003,-179.1335579698864,-188.47510618824336,600.0
chakra.bch,unsolved,roundrobin,both,ipoptxn,timeout,23932,600.0273810000002,-179.1335579698864,-184.57315307388058,600.0
chakra.bch,unsolved,smearsumrel,both,ipoptxn,timeout,24682,600.0173140000002,-179.1335579698864,-184.87772667987002,600.0
chakra.bch,unsolved,lsmear-guard,both,ipoptxn,timeout,15146,600.0682090000003,-179.1335579698864,-188.47964583124298,600.0
chakra.bch,unsolved,ref-ipopt,both,ipoptxn,timeout,14448,599.9933980000003,-179.13355796988637,-186.66807368231864,600.0
chance.bch,easy,lsmear,both,ipoptxn,complete,2,0.0032550000000000027,29.89437799480595,29.86451348132463,600.0
chance.bch,easy,roundrobin,both,ipoptxn,complete,2,0.002985,29.89437799480595,29.86451348132463,600.0
chance.bch,easy,smearsumrel,both,ipoptxn,complete,2,0.004273000000000001,29.89437799480595,29.86451348132463,600.0
chance.bch,easy,lsmear-guard,both,ipoptxn,complete,2,0.0032390000000000006,29.89437799480595,29.86451348132463,600.0
chance.bch,easy,ref-ipopt,both,ipoptxn,complete,2,0.003045000000000005,29.89437799480595,29.86451348132463,600.0
chem-1.bch,hard,lsmear,both,ipoptxn,complete,28808,99.95948100000004,-47.70651518082507,-47.75426945027534,600.0
chem-1.bch,hard,roundrobin,both,ipoptxn,timeout,218342,600.0049700000002,-47.70651518082507,-47.88837205905935,600.0
chem-1.bch,hard,smearsumrel,both,ipoptxn,complete,122086,346.7689700000001,-47.70651518082507,-47.75426945027534,600.0
chem-1.bch,hard,lsmear-guard,both,ipoptxn,complete,28808,100.09878800000003,-47.70651518082507,-47.75426945027534,600.0
chem-1.bch,hard,ref-ipopt,both,ipoptxn,complete,23750,82.14372600000002,-47.70651518082507,-47.75426945027534,600.0
chem.bch,hard,lsmear,both,ipoptxn,complete,28808,100.75960100000002,-47.70651518082507,-47.75426945027534,600.0
chem.bch,hard,roundrobin,both,ipoptxn,timeout,218938,600.0051960000002,-47.70651518082507,-47.88734361979999,600.0
chem.bch,hard,smearsumrel,both,ipoptxn,complete,122086,347.67865400000017,-47.70651518082507,-47.75426945027534,600.0
chem.bch,hard,lsmear-guard,both,ipoptxn,complete,28808,100.56705000000002,-47.70651518082507,-47.75426945027534,600.0
chem.bch,hard,ref-ipopt,both,ipoptxn,complete,23750,82.17954000000005,-47.70651518082507,-47.75426945027534,600.0
chembis.bch,hard,lsmear,both,ipoptxn,complete,15140,47.038010000000014,-47.70651518525872,-47.75426945471343,600.0
chembis.bch,hard,roundrobin,both,ipoptxn,complete,174266,475.0325430000001,-47.70651518525872,-47.75426945471343,600.0
chembis.bch,hard,smearsumrel,both,ipoptxn,complete,79432,223.73203000000004,-47.70651518525872,-47.75426945471343,600.0
chembis.bch,hard,lsmear-guard,both,ipoptxn,complete,15140,46.33577900000001,-47.70651518525872,-47.75426945471343,600.0
chembis.bch,hard,ref-ipopt,both,ipoptxn,complete,11284,37.94247900000001,-47.70651518525872,-47.75426945471343,600.0
chenery-1.bch,unsolved,lsmear,both,ipoptxn,timeout,87622,600.0016680000003,-1245.1103828937562,-1247.793627233221,600.0
chenery-1.bch,unsolved,roundrobin,both,ipoptxn,timeout,15648,600.0122380000001,-1245.1103828937562,-1401.7492505557082,600.0
chenery-1.bch,unsolved,smearsumrel,both,ipoptxn,timeout,25588,600.0158690000003,-1245.1103828937562,-1557.5722125677758,600.0
chenery-1.bch,unsolved,lsmear-guard,both,ipoptxn,complete,12236,444.03865300000007,-1245.1103828937562,-1246.3567396333895,600.0
chenery-1.bch,unsolved,ref-ipopt,both,ipoptxn,complete,2140,61.76875700000002,-1245.1103828937562,-1246.3567396333895,600.0
chenery.bch,unsolved,lsmear,both,ipoptxn,timeout,24336,600.0378670000001,-1058.9198928628634,-1128.704695670175,600.0
chenery.bch,unsolved,roundrobin,both,ipoptxn,timeout,17670,600.0853770000002,-1058.9198928628634,-1098.1398547797696,600.0
chenery.bch,unsolved,smearsumrel,both,ipoptxn,timeout,22492,600.0523530000003,-1058.9198928628634,-1298.0201653830431,600.0
chenery.bch,unsolved,lsmear-guard,both,ipoptxn,timeout,20676,600.0516810000004,-1058.9198928628634,-1069.8336907883322,600.0
chenery.bch,unsolved,ref-ipopt,both,ipoptxn,timeout,121484,599.9932390000002,-1058.919892862755,-1154.489118642178,600.0
concon.bch,coconutbenchmark-library2,lsmear,both,ipoptxn,complete,8334,50.25460800000001,-6230.795562011609,-6237.032594606215,600.0
concon.bch,coconutbenchmark-library2,roundrobin,both,ipoptxn,complete,15356,15.468187000000004,-6230.7948029146655,-6237.031834749414,600.0
concon.bch,coconutbenchmark-library2,smearsumrel,both,ipoptxn,complete,11782,76.39451600000004,-6230.795560613807,-6237.032593207013,600.0
concon.bch,coconutbenchmark-library2,lsmear-guard,both,ipoptxn,complete,174668,134.78845200000004,-6230.795562011613,-6237.0325946062185,600.0
concon.bch,coconutbenchmark-library2,ref-ipopt,both,ipoptxn,timeout,247490,599.9957630000004,inf,-1.3466203561775163e+18,600.0
cresc4.bch,coconutbenchmark-library2,lsmear,both,ipoptxn,timeout,294260,600.0024910000002,0.871981579778208,-1.3318321787887962e+17,600.0
cresc4.bch,coconutbenchmark-library2,roundrobin,both,ipoptxn,killed,0,960.0,inf,-inf,600.0
cresc4.bch,coconutbenchmark-library2,smearsumrel,both,ipoptxn,timeout,327304,600.0164580000002,0.8719709091322441,-1.3318321787887962e+17,600.0
cresc4.bch,coconutbenchmark-library2,lsmear-guard,both,ipoptxn,timeout,101422,600.2246740000003,0.871899168606904,-4.719755101652728e+22,600.0
cresc4.bch,coconutbenchmark-library2,ref-ipopt,both,ipoptxn,timeout,244000,599.9948000000002,9.735541740206477e+36,-8.88280427894676e+72,600.0
dipigri.bch,coconutbenchmark-library2,lsmear,both,ipoptxn,complete,212,0.6462450000000002,680.6300573765507,679.9501072692815,600.0
dipigri.bch,coconutbenchmark-library2,roundrobin,both,ipoptxn,complete,348,0.9254340000000002,680.6300573765478,679.9501072692786,600.0
dipigri.bch,coconutbenchmark-library2,smearsumrel,both,ipoptxn,complete,460,1.0661650000000005,680.6300573764969,679.9501072692278,600.0
dipigri.bch,coconutbenchmark-library2,lsmear-guard,both,ipoptxn,complete,212,0.6486320000000002,680.6300573765507,679.9501072692815,600.0
dipigri.bch,coconutbenchmark-library2,ref-ipopt,both,ipoptxn,complete,436,1.090358000000001,680.6300573764995,679.9501072692304,600.0
disc2.bch,coconutbenchmark-library2,lsmear,both,ipoptxn,complete,2,0.2579820000000001,1.5624999909102553,1.560939051858397,600.0
disc2.bch,coconutbenchmark-library2,roundrobin,both,ipoptxn,complete,6,0.3018640000000001,1.5624999909102553,1.560939051858397,600.0
disc2.bch,coconutbenchmark-library2,smearsumrel,both,ipoptxn,complete,2,0.25551300000000005,1.5624999909102553,1.560939051858397,600.0
disc2.bch,coconutbenchmark-library2,lsmear-guard,both,ipoptxn,complete,2,0.254656,1.5624999909102553,1.560939051858397,600.0
disc2.bch,coconutbenchmark-library2,ref-ipopt,both,ipoptxn,complete,4,0.2836210000000001,1.5624999909102553,1.560939051858397,600.0
discs.bch,coconutbenchmark-library2,lsmear,both,ipoptxn,timeout,17352,600.0332140000002,inf,-1141421356.2373097,600.0
discs.bch,coconutbenchmark-library2,roundrobin,both,ipoptxn,timeout,19236,602.1962240000003,inf,-1180000000,600.0
discs.bch,coconutbenchmark-library2,smearsumrel,both,ipoptxn,timeout,18128,600.7202160000002,inf,-1141421356.2373097,600.0
discs.bch,coconutbenchmark-library2,lsmear-guard,both,ipoptxn,timeout,16594,600.0445770000002,inf,-1141421356.2373097,600.0
discs.bch,coconutbenchmark-library2,ref-ipopt,both,ipoptxn,timeout,98094,599.9964340000002,inf,-1.1420438598176602e+21,600.0
dixchlng.bch,coconutbenchmark-library2,lsmear,both,ipoptxn,complete,2332,4.645539000000001,1.9534168165535313e-29,-9.999999999999997e-08,600.0
dixchlng.bch,coconutbenchmark-library2,roundrobin,both,ipoptxn,complete,1244,2.9527740000000007,2.3117322308468883e-29,-9.999999999999997e-08,600.0
dixchlng.bch,coconutbenchmark-library2,smearsumrel,both,ipoptxn,complete,2346,5.4555560000000005,1.6918601226661892e-29,-9.999999999999997e-08,600.0
dixchlng.bch,coconutbenchmark-library2,lsmear-guard,both,ipoptxn,complete,1676,2.9449670000000006,1.4412981776453654e-28,-9.999999999999997e-08,600.0
dixchlng.bch,coconutbenchmark-library2,ref-ipopt,both,ipoptxn,timeout,119896,599.9964100000002,inf,-6.138000000000198e+41,600.0
dnieper.bch,coconutbenchmark-library2,lsmear,both,ipoptxn,complete,434,10.004342000000001,18744.014424031513,18725.28913489662,600.0
dnieper.bch,coconutbenchmark-library2,roundrobin,both,ipoptxn,complete,5628,75.03953000000001,18744.01442398548,18725.289134850635,600.0
dnieper.bch,coconutbenchmark-library2,smearsumrel,both,ipoptxn,complete,40,2.3786629999999986,18744.01442407393,18725.289134938994,600.0
dnieper.bch,coconutbenchmark-library2,lsmear-guard,both,ipoptxn,complete,434,9.971385000000003,18744.014424031513,18725.28913489662,600.0
dnieper.bch,coconutbenchmark-library2,ref-ipopt,both,ipoptxn,complete,1066,20.45075200000001,18744.0144240112,18725.289134876326,600.0
dualc1.bch,others,lsmear,both,ipoptxn,complete,522,8.182910000000003,6155.251633381299,6149.1025308504495,600.0
dualc1.bch,others,roundrobin,both,ipoptxn,complete,1178,14.580435000000005,6155.251633381299,6149.1025308504495,600.0
dualc1.bch,others,smearsumrel,both,ipoptxn,complete,422,11.068823000000004,6155.251633280099,6149.10253074935,600.0
dualc1.bch,others,lsmear-guard,both,ipoptxn,complete,522,8.584140000000005,6155.251633381299,6149.1025308504495,600.0
dualc1.bch,others,ref-ipopt,both,ipoptxn,complete,502,10.66534500000001,6155.251633381299,6149.1025308504495,600.0
dualc1__coconut.bch,coconutbenchmark-library2,lsmear,both,ipoptxn,complete,534,2.147074000000001,6155.251633370618,6149.102530839779,600.0
dualc1__coconut.bch,coconutbenchmark-library2,roundrobin,both,ipoptxn,complete,1110,3.5773710000000007,6155.251633370618,6149.102530839779,600.0
dualc1__coconut.bch,coconutbenchmark-library2,smearsumrel,both,ipoptxn,complete,422,1.9772570000000007,6155.251633283121,6149.10253075237,600.0
dualc1__coconut.bch,coconutbenchmark-library2,lsmear-guard,both,ipoptxn,complete,534,2.1273170000000006,6155.251633370618,6149.102530839779,600.0
dualc1__coconut.bch,coconutbenchmark-library2,ref-ipopt,both,ipoptxn,complete,554,2.254759000000001,6155.251633370618,6149.102530839779,600.0
dualc2.bch,coconutbenchmark-library2,lsmear,both,ipoptxn,complete,146,0.4417080000000001,3551.3063332909646,3547.758574716249,600.0
dualc2.bch,coconutbenchmark-library2,roundrobin,both,ipoptxn,complete,176,0.4840700000000001,3551.3063332909646,3547.758574716249,600.0
dualc2.bch,coconutbenchmark-library2,smearsumrel,both,ipoptxn,complete,98,0.3816230000000001,3551.3063332909646,3547.758574716249,600.0
dualc2.bch,coconutbenchmark-library2,lsmear-guard,both,ipoptxn,complete,146,0.44462000000000007,3551.3063332909646,3547.758574716249,600.0
dualc2.bch,coconutbenchmark-library2,ref-ipopt,both,ipoptxn,complete,146,0.4567000000000002,3551.3063332909646,3547.758574716249,600.0
dualc5.bch,coconutbenchmark-library2,lsmear,both,ipoptxn,complete,23186,47.96384300000001,427.23256366136366,426.80575790346023,600.0
dualc5.bch,coconutbenchmark-library2,roundrobin,both,ipoptxn,complete,23138,48.00947200000002,427.23256366136366,426.80575790346023,600.0
dualc5.bch,coconutbenchmark-library2,smearsumrel,both,ipoptxn,complete,18886,41.96168400000001,427.23256366136394,426.8057579034605,600.0
dualc5.bch,coconutbenchmark-library2,lsmear-guard,both,ipoptxn,complete,23186,47.75229200000002,427.23256366136366,426.80575790346023,600.0
dualc5.bch,coconutbenchmark-library2,ref-ipopt,both,ipoptxn,complete,23300,48.24764800000002,427.232563661364,426.8057579034606,600.0
dualc8.bch,coconutbenchmark-library2,lsmear,both,ipoptxn,complete,118792,290.86818300000004,18309.360938277605,18291.0698684092,600.0
dualc8.bch,coconutbenchmark-library2,roundrobin,both,ipoptxn,complete,111652,303.4647920000001,18309.36093827761,18291.069868409202,600.0
dualc8.bch,coconutbenchmark-library2,smearsumrel,both,ipoptxn,complete,80982,238.41368200000008,18309.360938277612,18291.069868409206,600.0
dualc8.bch,coconutbenchmark-library2,lsmear-guard,both,ipoptxn,complete,118792,292.94908700000013,18309.360938277605,18291.0698684092,600.0
dualc8.bch,coconutbenchmark-library2,ref-ipopt,both,ipoptxn,complete,118398,295.6120060000001,18309.360938277612,18291.069868409206,600.0
eigencco.bch,coconutbenchmark-library2,lsmear,both,ipoptxn,complete,1188,8.230852000000004,4.173830236492946e-30,0,600.0
eigencco.bch,coconutbenchmark-library2,roundrobin,both,ipoptxn,complete,116,4.177515000000001,6.100576261927655e-30,0,600.0
eigencco.bch,coconutbenchmark-library2,smearsumrel,both,ipoptxn,complete,1188,7.971023000000002,4.173830236492946e-30,0,600.0
eigencco.bch,coconutbenchmark-library2,lsmear-guard,both,ipoptxn,complete,1178,8.207641000000004,4.173830236492946e-30,0,600.0
eigencco.bch,coconutbenchmark-library2,ref-ipopt,both,ipoptxn,timeout,89414,599.9879140000003,inf,0,600.0
eigmaxc.bch,coconutbenchmark-library2,lsmear,both,ipoptxn,complete,304,2.0153630000000007,-10.746194197991848,-10.756951149140987,600.0
eigmaxc.bch,coconutbenchmark-library2,roundrobin,both,ipoptxn,complete,40,0.44465200000000016,-10.746194197993171,-10.756951149142312,600.0
eigmaxc.bch,coconutbenchmark-library2,smearsumrel,both,ipoptxn,complete,304,1.9612090000000009,-10.746194197991848,-10.756951149140987,600.0
eigmaxc.bch,coconutbenchmark-library2,lsmear-guard,both,ipoptxn,complete,34,0.34877500000000006,0,0,600.0
eigmaxc.bch,coconutbenchmark-library2,ref-ipopt,both,ipoptxn,complete,34,0.5796730000000002,-10.746194197993171,-10.756951149142312,600.0
eigminc.bch,coconutbenchmark-library2,lsmear,both,ipoptxn,complete,6,0.19356900000000005,-1,-1,600.0
eigminc.bch,coconutbenchmark-library2,roundrobin,both,ipoptxn,complete,6,0.17750000000000005,-1,-1,600.0
eigminc.bch,coconutbenchmark-library2,smearsumrel,both,ipoptxn,complete,6,0.18818800000000002,-1,-1,600.0
eigminc.bch,coconutbenchmark-library2,lsmear-guard,both,ipoptxn,complete,6,0.194859,-1,-1,600.0
eigminc.bch,coconutbenchmark-library2,ref-ipopt,both,ipoptxn,complete,4,0.1476910000000001,-1,-1,600.0
ex14_1_1.bch,easy,lsmear,both,ipoptxn,complete,6,0.014543000000000007,2.35778870030307e-11,-9.997642211299695e-08,600.0
ex14_1_1.bch,easy,roundrobin,both,ipoptxn,complete,6,0.015166000000000002,2.3579326844691583e-11,-9.997642067315529e-08,600.0
ex14_1_1.bch,easy,smearsumrel,both,ipoptxn,complete,6,0.024636000000000012,2.35778870030307e-11,-9.997642211299695e-08,600.0
ex14_1_1.bch,easy,lsmear-guard,both,ipoptxn,complete,6,0.014570000000000001,2.35778870030307e-11,-9.997642211299695e-08,600.0
ex14_1_1.bch,easy,ref-ipopt,both,ipoptxn,complete,10,0.01616500000000001,2.3585774884696622e-11,-9.99764142251153e-08,600.0
ex14_1_2.bch,easy,lsmear,both,ipoptxn,complete,38,0.13388000000000005,1.0039668926872383e-09,-9.899603310731274e-08,600.0
ex14_1_2.bch,easy,roundrobin,both,ipoptxn,complete,68,0.16893800000000003,1.0030515897041514e-09,-9.899694841029583e-08,600.0
ex14_1_2.bch,easy,smearsumrel,both,ipoptxn,complete,38,0.12969000000000006,1.0039668926872383e-09,-9.899603310731274e-08,600.0
ex14_1_2.bch,easy,lsmear-guard,both,ipoptxn,complete,56,0.17626900000000006,1.0039668926872383e-09,-9.899603310731274e-08,600.0
ex14_1_2.bch,easy,ref-ipopt,both,ipoptxn,complete,38,0.1251260000000001,1.0039655094965173e-09,-9.899603449050348e-08,600.0
ex14_1_3.bch,easy,lsmear,both,ipoptxn,complete,6,0.02113200000000001,2.3612313780246146e-11,-9.997638768621973e-08,600.0
ex14_1_3.bch,easy,roundrobin,both,ipoptxn,complete,6,0.019897000000000005,2.3612313780246146e-11,-9.997638768621973e-08,600.0
ex14_1_3.bch,easy,smearsumrel,both,ipoptxn,complete,6,0.020803000000000002,2.3612313780246146e-11,-9.997638768621973e-08,600.0
ex14_1_3.bch,easy,lsmear-guard,both,ipoptxn,complete,6,0.021171000000000002,2.3612313780246146e-11,-9.997638768621973e-08,600.0
ex14_1_3.bch,easy,ref-ipopt,both,ipoptxn,complete,6,0.01893800000000001,2.361154264840517e-11,-9.997638845735159e-08,600.0
ex14_1_4.bch,easy,lsmear,both,ipoptxn,complete,6,0.012164000000000001,1.010007133483981e-09,-9.8989992866516e-08,600.0
ex14_1_4.bch,easy,roundrobin,both,ipoptxn,complete,4,0.008443000000000003,1.0100070779728298e-09,-9.898999292202715e-08,600.0
ex14_1_4.bch,easy,smearsumrel,both,ipoptxn,complete,6,0.011777000000000003,1.010007133483981e-09,-9.8989992866516e-08,600.0
ex14_1_4.bch,easy,lsmear-guard,both,ipoptxn,complete,6,0.012257000000000006,1.010007133483981e-09,-9.8989992866516e-08,600.0
ex14_1_4.bch,easy,ref-ipopt,both,ipoptxn,complete,8,0.01616700000000001,1.0100126566199119e-09,-9.898998734338008e-08,600.0
ex14_1_5.bch,easy,lsmear,both,ipoptxn,complete,4,0.02964200000000002,1.0010883233491086e-09,-9.899891167665087e-08,600.0
ex14_1_5.bch,easy,roundrobin,both,ipoptxn,complete,6,0.028185000000000012,1.0010905437951578e-09,-9.899890945620482e-08,600.0
ex14_1_5.bch,easy,smearsumrel,both,ipoptxn,complete,4,0.029459000000000006,1.0010883233491086e-09,-9.899891167665087e-08,600.0
ex14_1_5.bch,easy,lsmear-guard,both,ipoptxn,complete,4,0.029660000000000013,1.0010883233491086e-09,-9.899891167665087e-08,600.0
ex14_1_5.bch,easy,ref-ipopt,both,ipoptxn,complete,4,0.02997100000000002,1.0011127482556503e-09,-9.899888725174435e-08,600.0
ex14_1_6.bch,others,lsmear,both,ipoptxn,complete,30,0.083403,1.0009983212954684e-09,-9.899900167870451e-08,600.0
ex14_1_6.bch,others,roundrobin,both,ipoptxn,complete,22,0.070137,1.0006697692688249e-09,-9.899933023073116e-08,600.0
ex14_1_6.bch,others,smearsumrel,both,ipoptxn,complete,30,0.08089000000000005,1.0009983212954684e-09,-9.899900167870451e-08,600.0
ex14_1_6.bch,others,lsmear-guard,both,ipoptxn,complete,22,0.06468299999999999,1.0001715011753731e-09,-9.899982849882461e-08,600.0
ex14_1_6.bch,others,ref-ipopt,both,ipoptxn,complete,16,0.07224800000000003,1.0010004784935393e-09,-9.899899952150645e-08,600.0
ex14_1_7.bch,medium,lsmear,both,ipoptxn,complete,3882,28.61556000000001,2.136928856089071e-09,-9.786307114391091e-08,600.0
ex14_1_7.bch,medium,roundrobin,both,ipoptxn,complete,7962,52.05191500000002,2.1360240658386115e-09,-9.786397593416136e-08,600.0
ex14_1_7.bch,medium,smearsumrel,both,ipoptxn,complete,3882,28.356110000000005,2.136928856089071e-09,-9.786307114391091e-08,600.0
ex14_1_7.bch,medium,lsmear-guard,both,ipoptxn,complete,7146,46.35759800000001,2.1385552244077344e-09,-9.786144477559224e-08,600.0
ex14_1_7.bch,medium,ref-ipopt,both,ipoptxn,complete,3784,26.50101900000001,3.0094324944391856e-08,-6.990567505560814e-08,600.0
ex14_1_8.bch,easy,lsmear,both,ipoptxn,complete,4,0.007728000000000002,1.0002949579757114e-09,-9.899970504202427e-08,600.0
ex14_1_8.bch,easy,roundrobin,both,ipoptxn,complete,6,0.015237000000000006,2.3553954972255458e-11,-9.997644604502773e-08,600.0
ex14_1_8.bch,easy,smearsumrel,both,ipoptxn,complete,4,0.007356000000000001,1.0002949579757114e-09,-9.899970504202427e-08,600.0
ex14_1_8.bch,easy,lsmear-guard,both,ipoptxn,complete,4,0.007637000000000003,1.0002949579757114e-09,-9.899970504202427e-08,600.0
ex14_1_8.bch,easy,ref-ipopt,both,ipoptxn,complete,4,0.008487,2.3400864823360304e-11,-9.997659913517664e-08,600.0
ex14_1_9.bch,easy,lsmear,both,ipoptxn,complete,6,0.011687000000000001,1.029052398848762e-09,-9.897094760115122e-08,600.0
ex14_1_9.bch,easy,roundrobin,both,ipoptxn,complete,16,0.012953000000000004,1.029052398848762e-09,-9.897094760115122e-08,600.0
ex14_1_9.bch,easy,smearsumrel,both,ipoptxn,complete,6,0.011653000000000004,1.029052398848762e-09,-9.897094760115122e-08,600.0
ex14_1_9.bch,easy,lsmear-guard,both,ipoptxn,complete,6,0.011935000000000005,1.029052398848762e-09,-9.897094760115122e-08,600.0
ex14_1_9.bch,easy,ref-ipopt,both,ipoptxn,complete,8,0.01054700000000001,1.029052398848762e-09,-9.897094760115123e-08,600.0
ex14_2_1.bch,easy,lsmear,both,ipoptxn,complete,0,2.000000000002e-06,1.0265115077349474e-09,-9.897348849226503e-08,600.0
ex14_2_1.bch,easy,roundrobin,both,ipoptxn,complete,0,1.000000000001e-06,2.985765634733184e-09,-9.70142343652668e-08,600.0
ex14_2_1.bch,easy,smearsumrel,both,ipoptxn,complete,0,1.000000000001e-06,1.0265115077349474e-09,-9.897348849226503e-08,600.0
ex14_2_1.bch,easy,lsmear-guard,both,ipoptxn,complete,0,1.000000000001e-06,1.0265115077349474e-09,-9.897348849226503e-08,600.0
ex14_2_1.bch,easy,ref-ipopt,both,ipoptxn,complete,10,0.028694,1.040256958698138e-09,0,600.0
ex14_2_2.bch,easy,lsmear,both,ipoptxn,complete,0,1.9999999999985307e-06,1.0064198363579635e-09,-9.899358016364202e-08,600.0
ex14_2_2.bch,easy,roundrobin,both,ipoptxn,complete,0,1.000000000001e-06,1.0064198363579635e-09,-9.899358016364202e-08,600.0
ex14_2_2.bch,easy,smearsumrel,both,ipoptxn,complete,0,1.000000000001e-06,1.0064198363579635e-09,-9.899358016364202e-08,600.0
ex14_2_2.bch,easy,lsmear-guard,both,ipoptxn,complete,0,1.000000000001e-06,1.0064198363579635e-09,-9.899358016364202e-08,600.0
ex14_2_2.bch,easy,ref-ipopt,both,ipoptxn,complete,2,0.008816000000000003,1.0064198363579635e-09,0,600.0
ex14_2_3.bch,medium,lsmear,both,ipoptxn,complete,0,1.000000000001e-06,1.3961282685492904e-09,-9.860387173145069e-08,600.0
ex14_2_3.bch,medium,roundrobin,both,ipoptxn,complete,0,1.000000000001e-06,1.0428631257164422e-09,-9.895713687428354e-08,600.0
ex14_2_3.bch,medium,smearsumrel,both,ipoptxn,complete,0,1.000000000001e-06,1.3961282685492904e-09,-9.860387173145069e-08,600.0
ex14_2_3.bch,medium,lsmear-guard,both,ipoptxn,complete,0,1.000000000001e-06,1.3961282685492904e-09,-9.860387173145069e-08,600.0
ex14_2_3.bch,medium,ref-ipopt,both,ipoptxn,complete,4,0.04156600000000001,1.2568709245277436e-08,0,600.0
ex14_2_4.bch,easy,lsmear,both,ipoptxn,complete,0,1.000000000001e-06,7.565706023688595e-09,-9.243429397631139e-08,600.0
ex14_2_4.bch,easy,roundrobin,both,ipoptxn,complete,0,1.000000000001e-06,7.565706023688595e-09,-9.243429397631139e-08,600.0
ex14_2_4.bch,easy,smearsumrel,both,ipoptxn,complete,0,1.000000000001e-06,7.565706023688595e-09,-9.243429397631139e-08,600.0
ex14_2_4.bch,easy,lsmear-guard,both,ipoptxn,complete,0,1.000000000001e-06,7.565706023688595e-09,-9.243429397631139e-08,600.0
ex14_2_4.bch,easy,ref-ipopt,both,ipoptxn,complete,18,0.05618300000000003,1.0759932111970016e-09,0,600.0
ex14_2_5.bch,easy,lsmear,both,ipoptxn,complete,0,1.000000000001e-06,2.534512582875789e-09,-9.746548741712419e-08,600.0
ex14_2_5.bch,easy,roundrobin,both,ipoptxn,complete,0,1.000000000001e-06,2.534512582875789e-09,-9.746548741712419e-08,600.0
ex14_2_5.bch,easy,smearsumrel,both,ipoptxn,complete,0,1.000000000001e-06,2.534512582875789e-09,-9.746548741712419e-08,600.0
ex14_2_5.bch,easy,lsmear-guard,both,ipoptxn,complete,0,1.000000000001e-06,2.534512582875789e-09,-9.746548741712419e-08,600.0
ex14_2_5.bch,easy,ref-ipopt,both,ipoptxn,complete,2,0.01350700000000001,1.0166423849143104e-09,0,600.0
ex14_2_6.bch,easy,lsmear,both,ipoptxn,complete,0,1.000000000001e-06,6.2516452015159985e-09,-9.374835479848398e-08,600.0
ex14_2_6.bch,easy,roundrobin,both,ipoptxn,complete,0,1.000000000001e-06,1.0000190728972897e-09,-9.899998092710269e-08,600.0
ex14_2_6.bch,easy,smearsumrel,both,ipoptxn,complete,0,1.000000000001e-06,6.2516452015159985e-09,-9.374835479848398e-08,600.0
ex14_2_6.bch,easy,lsmear-guard,both,ipoptxn,complete,0,1.000000000001e-06,6.2516452015159985e-09,-9.374835479848398e-08,600.0
ex14_2_6.bch,easy,ref-ipopt,both,ipoptxn,complete,4,0.03672700000000001,1.0807383946098703e-09,0,600.0
ex14_2_7.bch,medium,lsmear,both,ipoptxn,complete,0,9.999999999732445e-07,1.3370088179338549e-09,-9.866299118206613e-08,600.0
ex14_2_7.bch,medium,roundrobin,both,ipoptxn,complete,0,1.000000000001e-06,1.4755320156900967e-09,-9.852446798430989e-08,600.0
ex14_2_7.bch,medium,smearsumrel,both,ipoptxn,complete,0,1.0000000000287557e-06,1.3370088179338549e-09,-9.866299118206613e-08,600.0
ex14_2_7.bch,medium,lsmear-guard,both,ipoptxn,complete,0,9.999999999732445e-07,1.3370088179338549e-09,-9.866299118206613e-08,600.0
ex14_2_7.bch,medium,ref-ipopt,both,ipoptxn,complete,4,0.0725900000000001,1.5134667963323523e-09,0,600.0
ex14_2_8.bch,easy,lsmear,both,ipoptxn,complete,0,1.000000000001e-06,1.2146870176366065e-09,-9.878531298236338e-08,600.0
ex14_2_8.bch,easy,roundrobin,both,ipoptxn,complete,0,1.000000000001e-06,1.2146870176366065e-09,-9.878531298236338e-08,600.0
ex14_2_8.bch,easy,smearsumrel,both,ipoptxn,complete,0,1.000000000001e-06,1.2146870176366065e-09,-9.878531298236338e-08,600.0
ex14_2_8.bch,easy,lsmear-guard,both,ipoptxn,complete,0,9.999999999940612e-07,1.2146870176366065e-09,-9.878531298236338e-08,600.0
ex14_2_8.bch,easy,ref-ipopt,both,ipoptxn,complete,4,0.018086,1.1398455512789951e-09,0,600.0
ex14_2_9.bch,easy,lsmear,both,ipoptxn,complete,0,1.000000000001e-06,2.52972785630576e-09,-9.747027214369422e-08,600.0
ex14_2_9.bch,easy,roundrobin,both,ipoptxn,complete,0,1.000000000001e-06,1.001956406732063e-09,-9.899804359326792e-08,600.0
ex14_2_9.bch,easy,smearsumrel,both,ipoptxn,complete,0,1.000000000001e-06,2.52972785630576e-09,-9.747027214369422e-08,600.0
ex14_2_9.bch,easy,lsmear-guard,both,ipoptxn,complete,0,1.000000000001e-06,2.52972785630576e-09,-9.747027214369422e-08,600.0
ex14_2_9.bch,easy,ref-ipopt,both,ipoptxn,complete,4,0.02046200000000001,1.0333094520107572e-09,0,600.0
ex2_1_1.bch,easy,lsmear,both,ipoptxn,complete,6,0.011951000000000007,-17,-17.017017017017015,600.0
ex2_1_1.bch,easy,roundrobin,both,ipoptxn,complete,4,0.010077000000000004,-17,-17.017017017017015,600.0
ex2_1_1.bch,easy,smearsumrel,both,ipoptxn,complete,4,0.010851000000000001,-17,-17.017017017017015,600.0
ex2_1_1.bch,easy,lsmear-guard,both,ipoptxn,complete,6,0.011975000000000006,-17,-17.017017017017015,600.0
ex2_1_1.bch,easy,ref-ipopt,both,ipoptxn,complete,6,0.01190600000000001,-17,-17.017017017017015,600.0
ex2_1_10.bch,easy,lsmear,both,ipoptxn,complete,2,0.028280999999999973,49318.017960067955,49268.7492108571,600.0
ex2_1_10.bch,easy,roundrobin,both,ipoptxn,complete,2,0.02785500000000002,49318.017960067955,49268.7492108571,600.0
ex2_1_10.bch,easy,smearsumrel,both,ipoptxn,complete,2,0.065532,49318.017960067955,49268.7492108571,600.0
ex2_1_10.bch,easy,lsmear-guard,both,ipoptxn,complete,2,0.028772999999999993,49318.017960067955,49268.7492108571,600.0
ex2_1_10.bch,easy,ref-ipopt,both,ipoptxn,complete,2,0.030828,49318.017960067955,49268.7492108571,600.0
ex2_1_2.bch,easy,lsmear,both,ipoptxn,complete,0,9.999999999992654e-07,-212.99999999000002,-213.2132132032032,600.0
ex2_1_2.bch,easy,roundrobin,both,ipoptxn,complete,0,1.000000000001e-06,-212.99999999000002,-213.2132132032032,600.0
ex2_1_2.bch,easy,smearsumrel,both,ipoptxn,complete,0,9.999999999992654e-07,-212.99999999000002,-213.2132132032032,600.0
ex2_1_2.bch,easy,lsmear-guard,both,ipoptxn,complete,0,9.999999999992654e-07,-212.99999999000002,-213.2132132032032,600.0
ex2_1_2.bch,easy,ref-ipopt,both,ipoptxn,complete,0,1.000000000001001e-06,-212.99999999000002,-213.2132132032032,600.0
ex2_1_3.bch,easy,lsmear,both,ipoptxn,complete,0,1.000000000001e-06,-14.999999997,-15.01501501201201,600.0
ex2_1_3.bch,easy,roundrobin,both,ipoptxn,complete,0,1.000000000001e-06,-14.999999997,-15.01501501201201,600.0
ex2_1_3.bch,easy,smearsumrel,both,ipoptxn,complete,0,1.000000000001e-06,-14.999999997,-15.01501501201201,600.0
ex2_1_3.bch,easy,lsmear-guard,both,ipoptxn,complete,0,1.000000000001e-06,-14.999999997,-15.01501501201201,600.0
ex2_1_3.bch,easy,ref-ipopt,both,ipoptxn,complete,0,1.000000000001001e-06,-14.999999997,-15.01501501201201,600.0
ex2_1_4.bch,easy,lsmear,both,ipoptxn,complete,0,9.999999999975306e-07,-10.999999999499996,-11.011011010510504,600.0
ex2_1_4.bch,easy,roundrobin,both,ipoptxn,complete,0,1.000000000001e-06,-10.999999999499996,-11.011011010510504,600.0
ex2_1_4.bch,easy,smearsumrel,both,ipoptxn,complete,0,1.000000000001e-06,-10.999999999499996,-11.011011010510504,600.0
ex2_1_4.bch,easy,lsmear-guard,both,ipoptxn,complete,0,1.000000000001e-06,-10.999999999499996,-11.011011010510504,600.0
ex2_1_4.bch,easy,ref-ipopt,both,ipoptxn,complete,0,1.000000000001001e-06,-10.999999999499996,-11.011011010510504,600.0
ex2_1_5.bch,easy,lsmear,both,ipoptxn,complete,2,0.006192000000000017,-268.0146315264109,-268.2829144408517,600.0
ex2_1_5.bch,easy,roundrobin,both,ipoptxn,complete,2,0.007620000000000016,-268.0146315264109,-268.2829144408517,600.0
ex2_1_5.bch,easy,smearsumrel,both,ipoptxn,complete,2,0.02003400000000001,-268.0146315264109,-268.2829144408517,600.0
ex2_1_5.bch,easy,lsmear-guard,both,ipoptxn,complete,2,0.006236000000000019,-268.0146315264109,-268.2829144408517,600.0
ex2_1_5.bch,easy,ref-ipopt,both,ipoptxn,complete,2,0.006252000000000015,-268.0146315264109,-268.2829144408517,600.0
ex2_1_5bis.bch,easy,lsmear,both,ipoptxn,complete,2,0.006286000000000007,-268.0146315264109,-268.2829144408517,600.0
ex2_1_5bis.bch,easy,roundrobin,both,ipoptxn,complete,2,0.007541000000000013,-268.0146315264109,-268.2829144408517,600.0
ex2_1_5bis.bch,easy,smearsumrel,both,ipoptxn,complete,2,0.019950999999999997,-268.0146315264109,-268.2829144408517,600.0
ex2_1_5bis.bch,easy,lsmear-guard,both,ipoptxn,complete,2,0.006192000000000003,-268.0146315264109,-268.2829144408517,600.0
ex2_1_5bis.bch,easy,ref-ipopt,both,ipoptxn,complete,2,0.006255000000000004,-268.0146315264109,-268.2829144408517,600.0
ex2_1_6.bch,easy,lsmear,both,ipoptxn,complete,4,0.03386600000000001,-39,-39.03903903903903,600.0
ex2_1_6.bch,easy,roundrobin,both,ipoptxn,complete,8,0.04435600000000001,-39,-39.03903903903903,600.0
ex2_1_6.bch,easy,smearsumrel,both,ipoptxn,complete,6,0.04232100000000002,-39,-39.03903903903903,600.0
ex2_1_6.bch,easy,lsmear-guard,both,ipoptxn,complete,4,0.033760000000000026,-39,-39.03903903903903,600.0
ex2_1_6.bch,easy,ref-ipopt,both,ipoptxn,complete,4,0.03390700000000003,-39,-39.03903903903903,600.0
ex2_1_7.bch,blowup,lsmear,both,ipoptxn,complete,6,0.08973800000000001,-4150.410133654565,-4154.564698352917,600.0
ex2_1_7.bch,blowup,roundrobin,both,ipoptxn,complete,40,0.33739800000000003,-4150.410133654565,-4154.564698352917,600.0
ex2_1_7.bch,blowup,smearsumrel,both,ipoptxn,complete,8,0.12960400000000002,-4150.410133654565,-4154.564698352917,600.0
ex2_1_7.bch,blowup,lsmear-guard,both,ipoptxn,complete,6,0.09109899999999996,-4150.410133654565,-4154.564698352917,600.0
ex2_1_7.bch,blowup,ref-ipopt,both,ipoptxn,complete,4,0.09085099999999999,-4150.410133654565,-4154.564698352917,600.0
ex2_1_7__coconut.bch,coconutbenchmark-library2,lsmear,both,ipoptxn,complete,6,0.09189999999999998,-4150.410133654565,-4154.564698352917,600.0
ex2_1_7__coconut.bch,coconutbenchmark-library2,roundrobin,both,ipoptxn,complete,40,0.3414110000000001,-4150.410133654565,-4154.564698352917,600.0
ex2_1_7__coconut.bch,coconutbenchmark-library2,smearsumrel,both,ipoptxn,complete,8,0.1352390000000001,-4150.410133654565,-4154.564698352917,600.0
ex2_1_7__coconut.bch,coconutbenchmark-library2,lsmear-guard,both,ipoptxn,complete,6,0.09168299999999999,-4150.410133654565,-4154.564698352917,600.0
ex2_1_7__coconut.bch,coconutbenchmark-library2,ref-ipopt,both,ipoptxn,complete,4,0.092526,-4150.410133654565,-4154.564698352917,600.0
ex2_1_8.bch,medium,lsmear,both,ipoptxn,complete,4,0.06887800000000002,15638.99998167602,15623.37660507095,600.0
ex2_1_8.bch,medium,roundrobin,both,ipoptxn,complete,4,0.10066700000000003,15638.999981676012,15623.376605070942,600.0
ex2_1_8.bch,medium,smearsumrel,both,ipoptxn,complete,4,0.10324100000000005,15638.999981676014,15623.376605070944,600.0
ex2_1_8.bch,medium,lsmear-guard,both,ipoptxn,complete,4,0.06887900000000004,15638.99998167602,15623.37660507095,600.0
ex2_1_8.bch,medium,ref-ipopt,both,ipoptxn,complete,4,0.06853500000000005,15638.999981676012,15623.376605070942,600.0
ex2_1_8__coconut.bch,coconutbenchmark-library2,lsmear,both,ipoptxn,complete,4,0.07021100000000004,15638.999981676017,15623.376605070947,600.0
ex2_1_8__coconut.bch,coconutbenchmark-library2,roundrobin,both,ipoptxn,complete,4,0.10104300000000001,15638.99998167602,15623.37660507095,600.0
ex2_1_8__coconut.bch,coconutbenchmark-library2,smearsumrel,both,ipoptxn,complete,4,0.10790100000000002,15638.999981676017,15623.376605070947,600.0
ex2_1_8__coconut.bch,coconutbenchmark-library2,lsmear-guard,both,ipoptxn,complete,4,0.069283,15638.999981676017,15623.376605070947,600.0
ex2_1_8__coconut.bch,coconutbenchmark-library2,ref-ipopt,both,ipoptxn,complete,4,0.06979300000000001,15638.999981676017,15623.376605070947,600.0
ex2_1_9.bch,medium,lsmear,both,ipoptxn,complete,4852,10.148672000000005,-0.37500000675000006,-0.3753753821321321,600.0
ex2_1_9.bch,medium,roundrobin,both,ipoptxn,complete,3892,8.780765000000004,-0.37500000674801776,-0.37537538213014787,600.0
ex2_1_9.bch,medium,smearsumrel,both,ipoptxn,complete,2626,6.971345000000002,-0.37500000675000006,-0.3753753821321321,600.0
ex2_1_9.bch,medium,lsmear-guard,both,ipoptxn,complete,4852,10.137812000000004,-0.37500000675000006,-0.3753753821321321,600.0
ex2_1_9.bch,medium,ref-ipopt,both,ipoptxn,complete,4566,10.16078800000001,-0.37500000674801787,-0.375375382130148,600.0
ex2_1_9bis.bch,blowup,lsmear,both,ipoptxn,complete,70432,123.96147200000003,-0.37499999925,-0.37537537462462456,600.0
ex2_1_9bis.bch,blowup,roundrobin,both,ipoptxn,complete,62640,103.89323900000004,-0.37499999925,-0.37537537462462456,600.0
ex2_1_9bis.bch,blowup,smearsumrel,both,ipoptxn,complete,53746,96.34975800000005,-0.37499999925,-0.37537537462462456,600.0
ex2_1_9bis.bch,blowup,lsmear-guard,both,ipoptxn,complete,70432,123.13197100000004,-0.37499999925,-0.37537537462462456,600.0
ex2_1_9bis.bch,blowup,ref-ipopt,both,ipoptxn,complete,71264,125.1759760000001,-0.3749999992480286,-0.37537537462265125,600.0
ex2_1_9fact.bch,medium,lsmear,both,ipoptxn,complete,4776,9.801289000000004,-0.37500000675000006,-0.3753753821321321,600.0
ex2_1_9fact.bch,medium,roundrobin,both,ipoptxn,complete,3920,8.644578000000003,-0.3750000067480176,-0.3753753821301477,600.0
ex2_1_9fact.bch,medium,smearsumrel,both,ipoptxn,complete,2630,6.5973710000000025,-0.37500000675000006,-0.3753753821321321,600.0
ex2_1_9fact.bch,medium,lsmear-guard,both,ipoptxn,complete,4776,9.763564000000004,-0.37500000675000006,-0.3753753821321321,600.0
ex2_1_9fact.bch,medium,ref-ipopt,both,ipoptxn,complete,4588,9.903060000000004,-0.3750000067480176,-0.3753753821301477,600.0
ex3_1_1.bch,easy,lsmear,both,ipoptxn,complete,38,0.13519300000000004,7049.248032816317,7042.205826989329,600.0
ex3_1_1.bch,easy,roundrobin,both,ipoptxn,complete,38,0.14826900000000004,7049.248032821305,7042.205826994312,600.0
ex3_1_1.bch,easy,smearsumrel,both,ipoptxn,complete,36,0.14767300000000005,7049.24803282132,7042.205826994326,600.0
ex3_1_1.bch,easy,lsmear-guard,both,ipoptxn,complete,38,0.13538700000000006,7049.248032816317,7042.205826989329,600.0
ex3_1_1.bch,easy,ref-ipopt,both,ipoptxn,complete,26,0.1212390000000001,7049.24803282132,7042.205826994326,600.0
ex3_1_2.bch,easy,lsmear,both,ipoptxn,complete,2,0.001629000000000002,-30665.538670564463,-30696.23490546993,600.0
ex3_1_2.bch,easy,roundrobin,both,ipoptxn,complete,2,0.0016900000000000005,-30665.538670564463,-30696.23490546993,600.0
ex3_1_2.bch,easy,smearsumrel,both,ipoptxn,complete,2,0.003282,-30665.538670564463,-30696.23490546993,600.0
ex3_1_2.bch,easy,lsmear-guard,both,ipoptxn,complete,2,0.0016040000000000013,-30665.538670564463,-30696.23490546993,600.0
ex3_1_2.bch,easy,ref-ipopt,both,ipoptxn,complete,2,0.001544000000000001,-30665.538670564463,-30696.23490546993,600.0
ex3_1_3.bch,easy,lsmear,both,ipoptxn,complete,2,0.0002239999999999985,-309.99999984199945,-310.31031015215154,600.0
ex3_1_3.bch,easy,roundrobin,both,ipoptxn,complete,2,3.399999999999931e-05,-309.9996274023369,-310.30993733967654,600.0
ex3_1_3.bch,easy,smearsumrel,both,ipoptxn,complete,2,4.200000000000037e-05,-309.9996274023369,-310.30993733967654,600.0
ex3_1_3.bch,easy,lsmear-guard,both,ipoptxn,complete,2,0.00021300000000000138,-309.99999984199945,-310.31031015215154,600.0
ex3_1_3.bch,easy,ref-ipopt,both,ipoptxn,complete,2,0.000219000000000004,-309.99999984199957,-310.31031015215166,600.0
ex3_1_3bis.bch,easy,lsmear,both,ipoptxn,complete,2,0.00023400000000000157,-309.99999984199945,-310.31031015215154,600.0
ex3_1_3bis.bch,easy,roundrobin,both,ipoptxn,complete,2,3.0000000000002247e-05,-309.9996274023369,-310.30993733967654,600.0
ex3_1_3bis.bch,easy,smearsumrel,both,ipoptxn,complete,2,4.200000000000037e-05,-309.9996274023369,-310.30993733967654,600.0
ex3_1_3bis.bch,easy,lsmear-guard,both,ipoptxn,complete,2,0.00021799999999999944,-309.99999984199945,-310.31031015215154,600.0
ex3_1_3bis.bch,easy,ref-ipopt,both,ipoptxn,complete,2,0.000215,-309.99999984199957,-310.31031015215166,600.0
ex3_1_4.bch,easy,lsmear,both,ipoptxn,complete,10,0.012114,-3.9999999995000004,-4.0040040035035025,600.0
ex3_1_4.bch,easy,roundrobin,both,ipoptxn,complete,18,0.016876000000000002,-3.9999999995000004,-4.0040040035035025,600.0
ex3_1_4.bch,easy,smearsumrel,both,ipoptxn,complete,12,0.009972,-3.9999999995000004,-4.0040040035035025,600.0
ex3_1_4.bch,easy,lsmear-guard,both,ipoptxn,complete,10,0.012142000000000002,-3.9999999995000004,-4.0040040035035025,600.0
ex3_1_4.bch,easy,ref-ipopt,both,ipoptxn,complete,12,0.01051000000000001,-3.9999999995000004,-4.0040040035035025,600.0
ex4_1_5.bch,easy,lsmear,both,ipoptxn,complete,54,0.045549000000000006,2.8707313118539906e-19,-9.99999999997129e-08,600.0
ex4_1_5.bch,easy,roundrobin,both,ipoptxn,complete,68,0.05440600000000001,2.8707313118539906e-19,-9.99999999997129e-08,600.0
ex4_1_5.bch,easy,smearsumrel,both,ipoptxn,complete,54,0.042256000000000016,2.8707313118539906e-19,-9.99999999997129e-08,600.0
ex4_1_5.bch,easy,lsmear-guard,both,ipoptxn,complete,64,0.04583900000000002,2.8707313117188043e-19,-9.99999999997129e-08,600.0
ex4_1_5.bch,easy,ref-ipopt,both,ipoptxn,complete,46,0.03574500000000002,2.8705879164728764e-19,-9.999999999971293e-08,600.0
ex4_1_8.bch,easy,lsmear,both,ipoptxn,complete,2,0.0005570000000000002,-16.73889322092887,-16.755648869798662,600.0
ex4_1_8.bch,easy,roundrobin,both,ipoptxn,complete,2,0.00038000000000000013,-16.73889322092887,-16.755648869798662,600.0
ex4_1_8.bch,easy,smearsumrel,both,ipoptxn,complete,2,0.0006770000000000023,-16.73889322092887,-16.755648869798662,600.0
ex4_1_8.bch,easy,lsmear-guard,both,ipoptxn,complete,2,0.0005269999999999997,-16.73889322092887,-16.755648869798662,600.0
ex4_1_8.bch,easy,ref-ipopt,both,ipoptxn,complete,2,0.0005299999999999993,-16.73889322092887,-16.755648869798662,600.0
ex4_1_9.bch,easy,lsmear,both,ipoptxn,complete,12,0.006064999999999999,-5.50801327034248,-5.513526797139619,600.0
ex4_1_9.bch,easy,roundrobin,both,ipoptxn,complete,98,0.03698700000000001,-5.508013270449848,-5.513526797247095,600.0
ex4_1_9.bch,easy,smearsumrel,both,ipoptxn,complete,12,0.005455999999999999,-5.50801327034248,-5.513526797139619,600.0
ex4_1_9.bch,easy,lsmear-guard,both,ipoptxn,complete,12,0.006106,-5.50801327034248,-5.513526797139619,600.0
ex4_1_9.bch,easy,ref-ipopt,both,ipoptxn,complete,12,0.006054000000000003,-5.50801327034248,-5.513526797139619,600.0
ex5_2_2_case1.bch,easy,lsmear,both,ipoptxn,complete,4,0.024896000000000012,-400.00000052498785,-400.40040092591374,600.0
ex5_2_2_case1.bch,easy,roundrobin,both,ipoptxn,complete,6,0.04960200000000001,-400.00000052498785,-400.40040092591374,600.0
ex5_2_2_case1.bch,easy,smearsumrel,both,ipoptxn,complete,6,0.025989000000000005,-400.00000052498785,-400.40040092591374,600.0
ex5_2_2_case1.bch,easy,lsmear-guard,both,ipoptxn,complete,4,0.024647000000000002,-400.00000052498785,-400.40040092591374,600.0
ex5_2_2_case1.bch,easy,ref-ipopt,both,ipoptxn,complete,4,0.02497800000000001,-400.00000052498785,-400.40040092591374,600.0
ex5_2_2_case2.bch,easy,lsmear,both,ipoptxn,complete,8,0.02164500000000001,-600.0000006159903,-600.6006012172074,600.0
ex5_2_2_case2.bch,easy,roundrobin,both,ipoptxn,complete,12,0.05371000000000001,-600.0000006159903,-600.6006012172074,600.0
ex5_2_2_case2.bch,easy,smearsumrel,both,ipoptxn,complete,6,0.03015200000000001,-600.0000006159903,-600.6006012172074,600.0
ex5_2_2_case2.bch,easy,lsmear-guard,both,ipoptxn,complete,8,0.021839000000000008,-600.0000006159903,-600.6006012172074,600.0
ex5_2_2_case2.bch,easy,ref-ipopt,both,ipoptxn,complete,8,0.02117900000000001,-600.0000006159903,-600.6006012172074,600.0
ex5_2_2_case3.bch,medium,lsmear,both,ipoptxn,complete,2,0.014679000000000005,-750.0000004056537,-750.7507511568105,600.0
ex5_2_2_case3.bch,medium,roundrobin,both,ipoptxn,complete,2,0.023305000000000006,-750.0000004056537,-750.7507511568105,600.0
ex5_2_2_case3.bch,medium,smearsumrel,both,ipoptxn,complete,2,0.014123,-750.0000004056537,-750.7507511568105,600.0
ex5_2_2_case3.bch,medium,lsmear-guard,both,ipoptxn,complete,2,0.01472600000000001,-750.0000004056537,-750.7507511568105,600.0
ex5_2_2_case3.bch,medium,ref-ipopt,both,ipoptxn,complete,2,0.014514,-750.0000004056537,-750.7507511568105,600.0
ex5_2_4.bch,easy,lsmear,both,ipoptxn,complete,48,0.11313800000000004,-450.0000188894997,-450.4504693588585,600.0
ex5_2_4.bch,easy,roundrobin,both,ipoptxn,complete,30,0.09181000000000003,-450.0000197871667,-450.45047025742406,600.0
ex5_2_4.bch,easy,smearsumrel,both,ipoptxn,complete,16,0.07447300000000003,-450.00001978881863,-450.4504702590777,600.0
ex5_2_4.bch,easy,lsmear-guard,both,ipoptxn,complete,48,0.11311000000000003,-450.0000188894997,-450.4504693588585,600.0
ex5_2_4.bch,easy,ref-ipopt,both,ipoptxn,complete,48,0.1262270000000001,-450.0000197880145,-450.45047025827273,600.0
ex5_2_5.bch,unsolved,lsmear,both,ipoptxn,timeout,55636,600.9030720000003,-3500.000089304381,-12346.15872011688,600.0
ex5_2_5.bch,unsolved,roundrobin,both,ipoptxn,timeout,51130,600.0434470000001,-3500.000089304381,-15412.193971806142,600.0
ex5_2_5.bch,unsolved,smearsumrel,both,ipoptxn,timeout,39710,600.0269560000002,-3500.000089304381,-15619.435950001094,600.0
ex5_2_5.bch,unsolved,lsmear-guard,both,ipoptxn,timeout,55636,600.1372500000002,-3500.000089304381,-12346.15872011688,600.0
ex5_2_5.bch,unsolved,ref-ipopt,both,ipoptxn,timeout,49910,599.9878580000004,-3500.000089304381,-12063.19375604585,600.0
ex5_3_2.bch,medium,lsmear,both,ipoptxn,complete,4,0.05213300000000003,1.8641594519908038,1.862297154835968,600.0
ex5_3_2.bch,medium,roundrobin,both,ipoptxn,complete,12,0.162619,1.8641594519908038,1.862297154835968,600.0
ex5_3_2.bch,medium,smearsumrel,both,ipoptxn,complete,4,0.06735400000000002,1.8641594519908038,1.862297154835968,600.0
ex5_3_2.bch,medium,lsmear-guard,both,ipoptxn,complete,4,0.051885,1.8641594519908038,1.862297154835968,600.0
ex5_3_2.bch,medium,ref-ipopt,both,ipoptxn,complete,6,0.07164600000000006,1.8641594519908038,1.862297154835968,600.0
ex5_3_3.bch,unsolved,lsmear,both,ipoptxn,killed,0,960.0,inf,-inf,600.0
ex5_3_3.bch,unsolved,roundrobin,both,ipoptxn,timeout,11976,600.3770000000003,inf,1.6669932374404026,600.0
ex5_3_3.bch,unsolved,smearsumrel,both,ipoptxn,killed,0,960.0,inf,-inf,600.0
ex5_3_3.bch,unsolved,lsmear-guard,both,ipoptxn,killed,0,960.0,inf,-inf,600.0
ex5_3_3.bch,unsolved,ref-ipopt,both,ipoptxn,killed,0,960.0,inf,-inf,600.0
ex5_4_2.bch,easy,lsmear,both,ipoptxn,complete,10,0.02882000000000001,7512.230144575533,7504.725419156377,600.0
ex5_4_2.bch,easy,roundrobin,both,ipoptxn,complete,10,0.02733,7512.230144575533,7504.725419156377,600.0
ex5_4_2.bch,easy,smearsumrel,both,ipoptxn,complete,4,0.024156,7512.230144575533,7504.725419156377,600.0
ex5_4_2.bch,easy,lsmear-guard,both,ipoptxn,complete,10,0.02892900000000001,7512.230144575533,7504.725419156377,600.0
ex5_4_2.bch,easy,ref-ipopt,both,ipoptxn,complete,6,0.02747200000000002,7512.230144575533,7504.725419156377,600.0
ex5_4_2bis.bch,easy,lsmear,both,ipoptxn,complete,10,0.019015,7512.230144575525,7504.725419156369,600.0
ex5_4_2bis.bch,easy,roundrobin,both,ipoptxn,complete,6,0.01564,7512.230144575525,7504.725419156369,600.0
ex5_4_2bis.bch,easy,smearsumrel,both,ipoptxn,complete,6,0.014982000000000006,7512.230144575525,7504.725419156369,600.0
ex5_4_2bis.bch,easy,lsmear-guard,both,ipoptxn,complete,10,0.018975000000000002,7512.230144575525,7504.725419156369,600.0
ex5_4_2bis.bch,easy,ref-ipopt,both,ipoptxn,complete,4,0.01641300000000001,7512.230144575525,7504.725419156369,600.0
ex5_4_3.bch,easy,lsmear,both,ipoptxn,complete,2,0.05340500000000001,4845.461988579032,4840.621367211821,600.0
ex5_4_3.bch,easy,roundrobin,both,ipoptxn,complete,6,0.04323099999999999,4845.461988579032,4840.621367211821,600.0
ex5_4_3.bch,easy,smearsumrel,both,ipoptxn,complete,2,0.052644999999999983,4845.461988579032,4840.621367211821,600.0
ex5_4_3.bch,easy,lsmear-guard,both,ipoptxn,complete,2,0.053049,4845.461988579032,4840.621367211821,600.0
ex5_4_3.bch,easy,ref-ipopt,both,ipoptxn,complete,2,0.05447500000000001,4845.461988579032,4840.621367211821,600.0
ex5_4_4.bch,hard,lsmear,both,ipoptxn,complete,3926,77.97169300000003,10077.77530921909,10067.707601617474,600.0
ex5_4_4.bch,hard,roundrobin,both,ipoptxn,complete,21898,350.88138700000013,10077.77530921989,10067.707601618273,600.0
ex5_4_4.bch,hard,smearsumrel,both,ipoptxn,complete,4754,91.96649000000002,10077.775309218923,10067.707601617309,600.0
ex5_4_4.bch,hard,lsmear-guard,both,ipoptxn,complete,3926,78.82146600000003,10077.77530921909,10067.707601617474,600.0
ex5_4_4.bch,hard,ref-ipopt,both,ipoptxn,complete,3658,74.63697400000002,10077.77530921911,10067.707601617494,600.0
ex6_1_1.bch,blowup,lsmear,both,ipoptxn,complete,2588,8.096612000000002,-0.020198299648732626,-0.020218518166899523,600.0
ex6_1_1.bch,blowup,roundrobin,both,ipoptxn,complete,4578,11.909771000000003,-0.020197890858137862,-0.020218108967104964,600.0
ex6_1_1.bch,blowup,smearsumrel,both,ipoptxn,complete,2548,7.722274000000001,-0.020195337820624035,-0.020215553373998028,600.0
ex6_1_1.bch,blowup,lsmear-guard,both,ipoptxn,complete,4666,12.765713000000003,-0.020195644796338896,-0.02021586065699589,600.0
ex6_1_1.bch,blowup,ref-ipopt,both,ipoptxn,complete,2532,8.004245000000003,-0.020191355260267607,-0.0202115668270947,600.0
ex6_1_2.bch,easy,lsmear,both,ipoptxn,complete,16,0.032934000000000005,-0.0324637999764234,-0.03249629627269609,600.0
ex6_1_2.bch,easy,roundrobin,both,ipoptxn,complete,36,0.05298700000000002,-0.032442552975260844,-0.0324750280032641,600.0
ex6_1_2.bch,easy,smearsumrel,both,ipoptxn,complete,16,0.03257300000000002,-0.0324637999764234,-0.03249629627269609,600.0
ex6_1_2.bch,easy,lsmear-guard,both,ipoptxn,complete,16,0.032536,-0.0324637999764234,-0.03249629627269609,600.0
ex6_1_2.bch,easy,ref-ipopt,both,ipoptxn,complete,20,0.04210900000000002,-0.032463799977658164,-0.032496296273932086,600.0
ex6_1_3.bch,hard,lsmear,both,ipoptxn,complete,4532,25.19874600000001,-0.3524979351701573,-0.35285078595611336,600.0
ex6_1_3.bch,hard,roundrobin,both,ipoptxn,complete,15370,76.28670200000003,-0.3524979351701468,-0.35285078595610286,600.0
ex6_1_3.bch,hard,smearsumrel,both,ipoptxn,complete,5184,28.81572400000001,-0.35239852212772627,-0.35275127340112733,600.0
ex6_1_3.bch,hard,lsmear-guard,both,ipoptxn,complete,9140,49.75788400000001,-0.3524979351701573,-0.35285078595611336,600.0
ex6_1_3.bch,hard,ref-ipopt,both,ipoptxn,complete,6130,33.71198500000002,-0.3524979351704982,-0.35285078595645464,600.0
ex6_1_3bis.bch,medium,lsmear,both,ipoptxn,complete,2840,4.264515000000002,-0.3518887704266824,-0.3522410114381204,600.0
ex6_1_3bis.bch,medium,roundrobin,both,ipoptxn,complete,8242,8.640679000000002,-0.35188877042668243,-0.3522410114381205,600.0
ex6_1_3bis.bch,medium,smearsumrel,both,ipoptxn,complete,2850,4.018300000000002,-0.3518887704266824,-0.3522410114381204,600.0
ex6_1_3bis.bch,medium,lsmear-guard,both,ipoptxn,complete,5880,6.621173000000002,-0.35188877042668243,-0.3522410114381205,600.0
ex6_1_3bis.bch,medium,ref-ipopt,both,ipoptxn,complete,2860,4.254091000000001,-0.3518887704266825,-0.35224101143812053,600.0
ex6_1_4.bch,medium,lsmear,both,ipoptxn,complete,70,0.17020400000000002,-0.2945413997215945,-0.294836235957552,600.0
ex6_1_4.bch,medium,roundrobin,both,ipoptxn,complete,78,0.17654900000000004,-0.2945413997215945,-0.294836235957552,600.0
ex6_1_4.bch,medium,smearsumrel,both,ipoptxn,complete,70,0.16274000000000005,-0.2945413997215945,-0.294836235957552,600.0
ex6_1_4.bch,medium,lsmear-guard,both,ipoptxn,complete,72,0.17816,-0.2945413997215945,-0.294836235957552,600.0
ex6_1_4.bch,medium,ref-ipopt,both,ipoptxn,complete,72,0.1645640000000001,-0.2945413997215945,-0.294836235957552,600.0
ex6_2_10.bch,hard,lsmear,both,ipoptxn,complete,67794,115.39979900000003,-3.0519762092628397,-3.0550312405033426,600.0
ex6_2_10.bch,hard,roundrobin,both,ipoptxn,timeout,431212,600.0011100000002,-3.0519762092628397,-3.3370268851073925,600.0
ex6_2_10.bch,hard,smearsumrel,both,ipoptxn,complete,67746,107.95761400000004,-3.0519762092628397,-3.0550312405033426,600.0
ex6_2_10.bch,hard,lsmear-guard,both,ipoptxn,timeout,484518,600.0017170000002,-3.0519762092628397,-3.3377732928567214,600.0
ex6_2_10.bch,hard,ref-ipopt,both,ipoptxn,complete,62788,106.7258500000001,-3.0519762092628397,-3.0550312405033426,600.0
ex6_2_11.bch,medium,lsmear,both,ipoptxn,complete,11284,9.862637000000003,-2.672407716675096e-06,-2.7724077166750954e-06,600.0
ex6_2_11.bch,medium,roundrobin,both,ipoptxn,complete,47602,34.24406000000001,-2.6724077170914295e-06,-2.772407717091429e-06,600.0
ex6_2_11.bch,medium,smearsumrel,both,ipoptxn,complete,13256,11.124936000000005,-2.672407716675096e-06,-2.7724077166750954e-06,600.0
ex6_2_11.bch,medium,lsmear-guard,both,ipoptxn,complete,45754,33.922039000000005,-2.672407716675096e-06,-2.7724077166750954e-06,600.0
ex6_2_11.bch,medium,ref-ipopt,both,ipoptxn,complete,11072,9.908206000000003,-2.6724077174800076e-06,-2.772407717480007e-06,600.0
ex6_2_12.bch,medium,lsmear,both,ipoptxn,complete,2502,2.7034270000000014,0.28919474093115355,0.28890583509605755,600.0
ex6_2_12.bch,medium,roundrobin,both,ipoptxn,complete,12940,10.453409000000004,0.28919474093115355,0.28890583509605755,600.0
ex6_2_12.bch,medium,smearsumrel,both,ipoptxn,complete,2520,2.5325660000000005,0.28919474093115355,0.28890583509605755,600.0
ex6_2_12.bch,medium,lsmear-guard,both,ipoptxn,complete,9662,7.838409000000003,0.28919474093115355,0.28890583509605755,600.0
ex6_2_12.bch,medium,ref-ipopt,both,ipoptxn,complete,2404,2.651042000000001,0.28919474093115355,0.28890583509605755,600.0
ex6_2_13.bch,blowup,lsmear,both,ipoptxn,complete,351770,578.5753010000003,-0.21620947231175536,-0.2164258982099653,600.0
ex6_2_13.bch,blowup,roundrobin,both,ipoptxn,timeout,477764,600.0006060000002,-0.21620947231175447,-0.24125858845560091,600.0
ex6_2_13.bch,blowup,smearsumrel,both,ipoptxn,complete,359850,548.1126590000001,-0.21620947231175536,-0.2164258982099653,600.0
ex6_2_13.bch,blowup,lsmear-guard,both,ipoptxn,timeout,556808,600.0021730000003,-0.2162094723117548,-0.23515278615421345,600.0
ex6_2_13.bch,blowup,ref-ipopt,both,ipoptxn,complete,350214,577.0620020000003,-0.21620947231175358,-0.21642589820996352,600.0
ex6_2_14.bch,medium,lsmear,both,ipoptxn,complete,438,0.5447600000000001,-0.6953579492162318,-0.6960540032194512,600.0
ex6_2_14.bch,medium,roundrobin,both,ipoptxn,complete,2472,2.0199730000000002,-0.695357949216232,-0.6960540032194513,600.0
ex6_2_14.bch,medium,smearsumrel,both,ipoptxn,complete,438,0.5101150000000002,-0.6953579492162318,-0.6960540032194512,600.0
ex6_2_14.bch,medium,lsmear-guard,both,ipoptxn,complete,2694,2.343290000000001,-0.6953579492162324,-0.6960540032194518,600.0
ex6_2_14.bch,medium,ref-ipopt,both,ipoptxn,complete,410,0.5175500000000002,-0.695357949216232,-0.6960540032194513,600.0
ex6_2_5.bch,unsolved,lsmear,both,ipoptxn,timeout,215808,600.0014680000004,-70.75207783343035,-6192.371573961751,600.0
ex6_2_5.bch,unsolved,roundrobin,both,ipoptxn,timeout,256862,600.0032150000003,-70.75207783342853,-10352.073225251135,600.0
ex6_2_5.bch,unsolved,smearsumrel,both,ipoptxn,timeout,199498,600.0060630000002,-70.7520778334291,-9846.638786518142,600.0
ex6_2_5.bch,unsolved,lsmear-guard,both,ipoptxn,timeout,238130,600.0054710000003,-70.75207783342933,-5218.469649337522,600.0
ex6_2_5.bch,unsolved,ref-ipopt,both,ipoptxn,timeout,153820,599.9930400000002,-70.75207783342853,-1205.8170053309473,600.0
ex6_2_6.bch,medium,lsmear,both,ipoptxn,complete,27000,24.59019900000001,-2.6025036299892612e-06,-2.7025036299892607e-06,600.0
ex6_2_6.bch,medium,roundrobin,both,ipoptxn,complete,276120,239.40055900000007,-2.6025270886687046e-06,-2.702527088668704e-06,600.0
ex6_2_6.bch,medium,smearsumrel,both,ipoptxn,complete,35900,31.548078000000007,-2.602526430972585e-06,-2.7025264309725843e-06,600.0
ex6_2_6.bch,medium,lsmear-guard,both,ipoptxn,complete,270010,232.34646500000002,-2.602526273487449e-06,-2.7025262734874483e-06,600.0
ex6_2_6.bch,medium,ref-ipopt,both,ipoptxn,complete,27388,25.01193800000001,-2.6025171144250514e-06,-2.702517114425051e-06,600.0
ex6_2_7.bch,unsolved,lsmear,both,ipoptxn,timeout,181742,600.0083320000002,-0.1608476220063917,-86.00291644817457,600.0
ex6_2_7.bch,unsolved,roundrobin,both,ipoptxn,timeout,224388,600.0026210000003,-0.160847622006409,-81.75082068633266,600.0
ex6_2_7.bch,unsolved,smearsumrel,both,ipoptxn,timeout,171470,600.0049840000001,-0.1608476220063917,-100.82103518344248,600.0
ex6_2_7.bch,unsolved,lsmear-guard,both,ipoptxn,timeout,195266,600.0057760000003,-0.1608476220063917,-70.81024490972918,600.0
ex6_2_7.bch,unsolved,ref-ipopt,both,ipoptxn,timeout,144028,599.9944500000003,-0.16084762200641123,-14.40426847539607,600.0
ex6_2_8.bch,medium,lsmear,both,ipoptxn,complete,13672,12.327241000000004,-0.027006348966165827,-0.02703338234851434,600.0
ex6_2_8.bch,medium,roundrobin,both,ipoptxn,complete,71820,58.84676400000001,-0.027006348966169824,-0.02703338234851834,600.0
ex6_2_8.bch,medium,smearsumrel,both,ipoptxn,complete,15160,13.997149000000004,-0.027006348966168048,-0.02703338234851656,600.0
ex6_2_8.bch,medium,lsmear-guard,both,ipoptxn,complete,65970,54.700651000000015,-0.027006348966165827,-0.02703338234851434,600.0
ex6_2_8.bch,medium,ref-ipopt,both,ipoptxn,complete,13632,12.35875800000001,-0.027006348966169824,-0.02703338234851834,600.0
ex6_2_9.bch,medium,lsmear,both,ipoptxn,complete,7186,8.100744000000002,-0.034066184115888465,-0.03410028440028875,600.0
ex6_2_9.bch,medium,roundrobin,both,ipoptxn,complete,39400,36.85758900000002,-0.03406618411588935,-0.034100284400289636,600.0
ex6_2_9.bch,medium,smearsumrel,both,ipoptxn,complete,7208,7.499002000000003,-0.03406618411588802,-0.034100284400288304,600.0
ex6_2_9.bch,medium,lsmear-guard,both,ipoptxn,complete,35318,33.876729000000005,-0.034066184115888465,-0.03410028440028875,600.0
ex6_2_9.bch,medium,ref-ipopt,both,ipoptxn,complete,7134,7.998776000000003,-0.034066184115888465,-0.03410028440028875,600.0
ex7_2_1.bch,easy,lsmear,both,ipoptxn,complete,4,0.02615400000000001,1227.2261229795836,1226.000122856727,600.0
ex7_2_1.bch,easy,roundrobin,both,ipoptxn,complete,4,0.02558300000000001,1227.2261229795836,1226.000122856727,600.0
ex7_2_1.bch,easy,smearsumrel,both,ipoptxn,complete,4,0.034141000000000005,1227.2261229795836,1226.000122856727,600.0
ex7_2_1.bch,easy,lsmear-guard,both,ipoptxn,complete,4,0.026245000000000004,1227.2261229795836,1226.000122856727,600.0
ex7_2_1.bch,easy,ref-ipopt,both,ipoptxn,complete,6,0.02849000000000003,1227.2261229795836,1226.000122856727,600.0
ex7_2_10.bch,easy,lsmear,both,ipoptxn,complete,0,9.999999999940612e-07,0.1,0.09990009990009992,600.0
ex7_2_10.bch,easy,roundrobin,both,ipoptxn,complete,0,1.000000000001e-06,0.1,0.09990009990009992,600.0
ex7_2_10.bch,easy,smearsumrel,both,ipoptxn,complete,0,1.000000000001e-06,0.1,0.09990009990009992,600.0
ex7_2_10.bch,easy,lsmear-guard,both,ipoptxn,complete,0,2.000000000002e-06,0.1,0.09990009990009992,600.0
ex7_2_10.bch,easy,ref-ipopt,both,ipoptxn,complete,0,1.000000000001001e-06,0.1,0.09990009990009992,600.0
ex7_2_1bis.bch,easy,lsmear,both,ipoptxn,complete,4,0.023058000000000002,1227.2261229795636,1226.000122856707,600.0
ex7_2_1bis.bch,easy,roundrobin,both,ipoptxn,complete,4,0.023240000000000004,1227.2261229795636,1226.000122856707,600.0
ex7_2_1bis.bch,easy,smearsumrel,both,ipoptxn,complete,4,0.032914000000000006,1227.2261229795636,1226.000122856707,600.0
ex7_2_1bis.bch,easy,lsmear-guard,both,ipoptxn,complete,4,0.023122000000000004,1227.2261229795636,1226.000122856707,600.0
ex7_2_1bis.bch,easy,ref-ipopt,both,ipoptxn,complete,6,0.02224900000000001,1227.2261229795636,1226.000122856707,600.0
ex7_2_2.bch,easy,lsmear,both,ipoptxn,complete,4,0.020567000000000012,-0.3888114570919674,-0.38920065774971707,600.0
ex7_2_2.bch,easy,roundrobin,both,ipoptxn,complete,6,0.018647,-0.3888114570919674,-0.38920065774971707,600.0
ex7_2_2.bch,easy,smearsumrel,both,ipoptxn,complete,4,0.020151000000000002,-0.3888114570919674,-0.38920065774971707,600.0
ex7_2_2.bch,easy,lsmear-guard,both,ipoptxn,complete,4,0.020554000000000006,-0.3888114570919674,-0.38920065774971707,600.0
ex7_2_2.bch,easy,ref-ipopt,both,ipoptxn,complete,4,0.02157200000000001,-0.3888114570919674,-0.38920065774971707,600.0
ex7_2_3.bch,easy,lsmear,both,ipoptxn,complete,2618,3.717639000000001,7049.248057887183,7042.205852035148,600.0
ex7_2_3.bch,easy,roundrobin,both,ipoptxn,complete,2168,2.9535210000000007,7049.248057891435,7042.205852039396,600.0
ex7_2_3.bch,easy,smearsumrel,both,ipoptxn,complete,3274,3.972394000000001,7049.248057866812,7042.2058520147975,600.0
ex7_2_3.bch,easy,lsmear-guard,both,ipoptxn,complete,2618,3.7648090000000005,7049.248057887183,7042.205852035148,600.0
ex7_2_3.bch,easy,ref-ipopt,both,ipoptxn,complete,2974,4.093639000000002,7049.2480578684235,7042.205852016408,600.0
ex7_2_3bis.bch,easy,lsmear,both,ipoptxn,complete,108,0.3385290000000001,7049.248032891714,7042.205827064649,600.0
ex7_2_3bis.bch,easy,roundrobin,both,ipoptxn,complete,168,0.45281700000000014,7049.248032891714,7042.205827064649,600.0
ex7_2_3bis.bch,easy,smearsumrel,both,ipoptxn,complete,128,0.38398300000000013,7049.248032891714,7042.205827064649,600.0
ex7_2_3bis.bch,easy,lsmear-guard,both,ipoptxn,complete,108,0.33847600000000005,7049.248032891714,7042.205827064649,600.0
ex7_2_3bis.bch,easy,ref-ipopt,both,ipoptxn,complete,112,0.3404120000000002,7049.248032891714,7042.205827064649,600.0
ex7_2_4.bch,medium,lsmear,both,ipoptxn,complete,338,1.0865190000000005,3.9180102388467892,3.9140961427040857,600.0
ex7_2_4.bch,medium,roundrobin,both,ipoptxn,complete,606,1.5393300000000008,3.9180102388471036,3.9140961427043997,600.0
ex7_2_4.bch,medium,smearsumrel,both,ipoptxn,complete,860,2.2798030000000007,3.918010238846387,3.914096142703684,600.0
ex7_2_4.bch,medium,lsmear-guard,both,ipoptxn,complete,338,1.0809460000000002,3.9180102388467892,3.9140961427040857,600.0
ex7_2_4.bch,medium,ref-ipopt,both,ipoptxn,complete,260,0.8241910000000003,3.9180102388463824,3.9140961427036793,600.0
ex7_2_5.bch,easy,lsmear,both,ipoptxn,complete,2,0.0028660000000000005,10122.493245078042,10112.38086421383,600.0
ex7_2_5.bch,easy,roundrobin,both,ipoptxn,complete,2,0.0027209999999999977,10122.493245078042,10112.38086421383,600.0
ex7_2_5.bch,easy,smearsumrel,both,ipoptxn,complete,2,0.004071999999999999,10122.493245078042,10112.38086421383,600.0
ex7_2_5.bch,easy,lsmear-guard,both,ipoptxn,complete,2,0.0028429999999999983,10122.493245078042,10112.38086421383,600.0
ex7_2_5.bch,easy,ref-ipopt,both,ipoptxn,complete,2,0.002775,10122.493245078042,10112.38086421383,600.0
ex7_2_6.bch,easy,lsmear,both,ipoptxn,complete,4,0.0037449999999999983,-83.24972831846797,-83.3330613798478,600.0
ex7_2_6.bch,easy,roundrobin,both,ipoptxn,complete,4,0.0036240000000000005,-83.24972831846797,-83.3330613798478,600.0
ex7_2_6.bch,easy,smearsumrel,both,ipoptxn,complete,4,0.0037519999999999984,-83.24972831846797,-83.3330613798478,600.0
ex7_2_6.bch,easy,lsmear-guard,both,ipoptxn,complete,4,0.0037339999999999995,-83.24972831846797,-83.3330613798478,600.0
ex7_2_6.bch,easy,ref-ipopt,both,ipoptxn,complete,4,0.003723000000000001,-83.24972831846797,-83.3330613798478,600.0
ex7_2_7.bch,easy,lsmear,both,ipoptxn,complete,4,0.008469,-5.739820293942895,-5.745565859802697,600.0
ex7_2_7.bch,easy,roundrobin,both,ipoptxn,complete,4,0.008047000000000006,-5.739820293942895,-5.745565859802697,600.0
ex7_2_7.bch,easy,smearsumrel,both,ipoptxn,complete,6,0.007511000000000002,-5.739820293942895,-5.745565859802697,600.0
ex7_2_7.bch,easy,lsmear-guard,both,ipoptxn,complete,4,0.008602,-5.739820293942895,-5.745565859802697,600.0
ex7_2_7.bch,easy,ref-ipopt,both,ipoptxn,complete,4,0.008169000000000001,-5.739820293942895,-5.745565859802697,600.0
ex7_2_8.bch,medium,lsmear,both,ipoptxn,complete,296,0.9229600000000002,-6.081989761153493,-6.088077838992485,600.0
ex7_2_8.bch,medium,roundrobin,both,ipoptxn,complete,598,1.3567090000000006,-6.081989761153493,-6.088077838992485,600.0
ex7_2_8.bch,medium,smearsumrel,both,ipoptxn,complete,898,2.261930000000001,-6.08198976115309,-6.088077838992081,600.0
ex7_2_8.bch,medium,lsmear-guard,both,ipoptxn,complete,296,0.9170950000000001,-6.081989761153493,-6.088077838992485,600.0
ex7_2_8.bch,medium,ref-ipopt,both,ipoptxn,complete,276,0.8430500000000002,-6.081989761153493,-6.088077838992485,600.0
ex7_2_9.bch,medium,lsmear,both,ipoptxn,complete,616,2.466767000000001,1.1436231664538627,1.142480685768095,600.0
ex7_2_9.bch,medium,roundrobin,both,ipoptxn,complete,860,2.735774000000001,1.1436231664550849,1.1424806857693157,600.0
ex7_2_9.bch,medium,smearsumrel,both,ipoptxn,complete,16964,70.01894300000002,1.1436231664547916,1.1424806857690228,600.0
ex7_2_9.bch,medium,lsmear-guard,both,ipoptxn,complete,678,2.243034000000001,1.1436231664583356,1.1424806857725633,600.0
ex7_2_9.bch,medium,ref-ipopt,both,ipoptxn,complete,590,2.467144000000002,1.143623166458843,1.1424806857730703,600.0
ex7_3_1.bch,easy,lsmear,both,ipoptxn,complete,2,0.003132999999999997,0.3417395533726745,0.3413981552174571,600.0
ex7_3_1.bch,easy,roundrobin,both,ipoptxn,complete,2,0.00012300000000000505,0.3417395533726745,0.3413981552174571,600.0
ex7_3_1.bch,easy,smearsumrel,both,ipoptxn,complete,2,0.0029509999999999953,0.3417395533726745,0.3413981552174571,600.0
ex7_3_1.bch,easy,lsmear-guard,both,ipoptxn,complete,2,0.0031149999999999997,0.3417395533726745,0.3413981552174571,600.0
ex7_3_1.bch,easy,ref-ipopt,both,ipoptxn,complete,8,0.01481600000000001,0.34173955337285755,0.34139815521763994,600.0
ex7_3_2.bch,easy,lsmear,both,ipoptxn,complete,2,0.0015680000000000017,1.0898639760609845,1.0887752008601246,600.0
ex7_3_2.bch,easy,roundrobin,both,ipoptxn,complete,2,0.0004930000000000021,1.0898639760609845,1.0887752008601246,600.0
ex7_3_2.bch,easy,smearsumrel,both,ipoptxn,complete,2,0.0014249999999999992,1.0898639760609845,1.0887752008601246,600.0
ex7_3_2.bch,easy,lsmear-guard,both,ipoptxn,complete,2,0.0015860000000000023,1.0898639760609845,1.0887752008601246,600.0
ex7_3_2.bch,easy,ref-ipopt,both,ipoptxn,complete,102,0.09044100000000004,1.0898639760648914,1.0887752008640277,600.0
ex7_3_3.bch,easy,lsmear,both,ipoptxn,complete,14,0.02929600000000001,0.8175290498266357,0.8167123374891466,600.0
ex7_3_3.bch,easy,roundrobin,both,ipoptxn,complete,14,0.027744000000000005,0.8175290498266339,0.8167123374891448,600.0
ex7_3_3.bch,easy,smearsumrel,both,ipoptxn,complete,14,0.02755800000000001,0.8175290498266357,0.8167123374891466,600.0
ex7_3_3.bch,easy,lsmear-guard,both,ipoptxn,complete,14,0.02881700000000001,0.8175290498266357,0.8167123374891466,600.0
ex7_3_3.bch,easy,ref-ipopt,both,ipoptxn,complete,150,0.2435930000000001,0.8175290498244028,0.816712337486916,600.0
ex7_3_4.bch,medium,lsmear,both,ipoptxn,complete,126,0.8383330000000002,6.274634340545122,6.268365974570552,600.0
ex7_3_4.bch,medium,roundrobin,both,ipoptxn,complete,376,2.2558540000000007,6.274634340544518,6.2683659745699485,600.0
ex7_3_4.bch,medium,smearsumrel,both,ipoptxn,complete,126,0.8162460000000001,6.274634340545122,6.268365974570552,600.0
ex7_3_4.bch,medium,lsmear-guard,both,ipoptxn,complete,542,2.967668000000001,6.274634340545189,6.268365974570619,600.0
ex7_3_4.bch,medium,ref-ipopt,both,ipoptxn,complete,324,1.761797000000001,6.274634340543324,6.2683659745687565,600.0
ex7_3_4bis.bch,medium,lsmear,both,ipoptxn,complete,362,0.6996980000000003,6.272360413110981,6.26609431879219,600.0
ex7_3_4bis.bch,medium,roundrobin,both,ipoptxn,complete,3474,4.816610000000002,6.272360413111699,6.266094318792907,600.0
ex7_3_4bis.bch,medium,smearsumrel,both,ipoptxn,complete,362,0.6757720000000003,6.272360413110981,6.26609431879219,600.0
ex7_3_4bis.bch,medium,lsmear-guard,both,ipoptxn,complete,9736,12.486839000000003,6.272360413090233,6.266094318771462,600.0
ex7_3_4bis.bch,medium,ref-ipopt,both,ipoptxn,complete,630,1.168329000000001,6.272360413129931,6.2660943188111204,600.0
ex7_3_5.bch,blowup,lsmear,both,ipoptxn,complete,466,1.9600430000000006,1.2068961811866084,1.2056904906959127,600.0
ex7_3_5.bch,blowup,roundrobin,both,ipoptxn,complete,614,3.035554000000001,1.2068961811866084,1.2056904906959127,600.0
ex7_3_5.bch,blowup,smearsumrel,both,ipoptxn,complete,466,1.8728790000000004,1.2068961811866084,1.2056904906959127,600.0
ex7_3_5.bch,blowup,lsmear-guard,both,ipoptxn,complete,466,1.9645010000000005,1.2068961811866084,1.2056904906959127,600.0
ex7_3_5.bch,blowup,ref-ipopt,both,ipoptxn,complete,466,2.834797000000001,1.2068961811866084,1.2056904906959127,600.0
ex7_3_5bis.bch,medium,lsmear,both,ipoptxn,complete,1048,0.9452460000000003,1.2068963881014254,1.2056906974040216,600.0
ex7_3_5bis.bch,medium,roundrobin,both,ipoptxn,complete,9682,7.374733000000002,1.2068963881014254,1.2056906974040216,600.0
ex7_3_5bis.bch,medium,smearsumrel,both,ipoptxn,complete,1048,0.8869270000000002,1.2068963881014254,1.2056906974040216,600.0
ex7_3_5bis.bch,medium,lsmear-guard,both,ipoptxn,complete,1048,0.9581660000000001,1.2068963881014254,1.2056906974040216,600.0
ex7_3_5bis.bch,medium,ref-ipopt,both,ipoptxn,complete,1518,1.350719000000001,1.206896388082232,1.2056906973848476,600.0
ex7_3_6.bch,easy,lsmear,both,ipoptxn,infeasible,0,2.000000000002e-06,inf,-inf,600.0
ex7_3_6.bch,easy,roundrobin,both,ipoptxn,infeasible,0,2.000000000002e-06,inf,-inf,600.0
ex7_3_6.bch,easy,smearsumrel,both,ipoptxn,infeasible,0,2.000000000002e-06,inf,-inf,600.0
ex7_3_6.bch,easy,lsmear-guard,both,ipoptxn,infeasible,0,2.000000000002e-06,inf,-inf,600.0
ex7_3_6.bch,easy,ref-ipopt,both,ipoptxn,infeasible,0,1.000000000028756e-06,inf,-inf,600.0
ex8_1_1.bch,easy,lsmear,both,ipoptxn,complete,2,0.00020599999999999959,-2.021806782272953,-2.0238306128858383,600.0
ex8_1_1.bch,easy,roundrobin,both,ipoptxn,complete,2,4.099999999999937e-05,-2.021806782272953,-2.0238306128858383,600.0
ex8_1_1.bch,easy,smearsumrel,both,ipoptxn,complete,2,0.0002599999999999998,-2.021806782272953,-2.0238306128858383,600.0
ex8_1_1.bch,easy,lsmear-guard,both,ipoptxn,complete,2,0.00019099999999999846,-2.021806782272953,-2.0238306128858383,600.0
ex8_1_1.bch,easy,ref-ipopt,both,ipoptxn,complete,2,0.000197000000000001,-2.021806782272953,-2.0238306128858383,600.0
ex8_1_2.bch,easy,lsmear,both,ipoptxn,complete,10,0.013955000000000004,-1.0708610192625052,-1.0719329522147196,600.0
ex8_1_2.bch,easy,roundrobin,both,ipoptxn,complete,14,0.013928000000000001,-1.0708610192625052,-1.0719329522147196,600.0
ex8_1_2.bch,easy,smearsumrel,both,ipoptxn,complete,10,0.013452,-1.0708610192625052,-1.0719329522147196,600.0
ex8_1_2.bch,easy,lsmear-guard,both,ipoptxn,complete,10,0.013996,-1.0708610192625052,-1.0719329522147196,600.0
ex8_1_2.bch,easy,ref-ipopt,both,ipoptxn,complete,10,0.01062400000000001,-1.0708610192625052,-1.0719329522147196,600.0
ex8_1_4.bch,easy,lsmear,both,ipoptxn,complete,24,0.019236000000000007,0,-9.999999999999998e-08,600.0
ex8_1_4.bch,easy,roundrobin,both,ipoptxn,complete,40,0.021539000000000006,0,-9.999999999999998e-08,600.0
ex8_1_4.bch,easy,smearsumrel,both,ipoptxn,complete,24,0.018439000000000007,0,-9.999999999999998e-08,600.0
ex8_1_4.bch,easy,lsmear-guard,both,ipoptxn,complete,24,0.019579000000000006,0,-9.999999999999998e-08,600.0
ex8_1_4.bch,easy,ref-ipopt,both,ipoptxn,complete,134,0.06089900000000003,2.387428507462113e-28,-9.999999999999998e-08,600.0
ex8_1_5.bch,easy,lsmear,both,ipoptxn,complete,32,0.04098800000000002,-1.0316284534898768,-1.032661114604481,600.0
ex8_1_5.bch,easy,roundrobin,both,ipoptxn,complete,58,0.05069700000000002,-1.0316284534898768,-1.032661114604481,600.0
ex8_1_5.bch,easy,smearsumrel,both,ipoptxn,complete,32,0.03928100000000002,-1.0316284534898768,-1.032661114604481,600.0
ex8_1_5.bch,easy,lsmear-guard,both,ipoptxn,complete,32,0.041173000000000015,-1.0316284534898768,-1.032661114604481,600.0
ex8_1_5.bch,easy,ref-ipopt,both,ipoptxn,complete,62,0.05586700000000002,-1.0316284534898765,-1.0326611146044808,600.0
ex8_1_6.bch,easy,lsmear,both,ipoptxn,complete,14,0.019515000000000005,-10.086001496222261,-10.096097593816076,600.0
ex8_1_6.bch,easy,roundrobin,both,ipoptxn,complete,14,0.023237000000000004,-10.086001496222261,-10.096097593816076,600.0
ex8_1_6.bch,easy,smearsumrel,both,ipoptxn,complete,14,0.018194000000000005,-10.086001496222261,-10.096097593816076,600.0
ex8_1_6.bch,easy,lsmear-guard,both,ipoptxn,complete,14,0.01935600000000001,-10.086001496222261,-10.096097593816076,600.0
ex8_1_6.bch,easy,ref-ipopt,both,ipoptxn,complete,38,0.05650600000000001,-10.086001496222261,-10.096097593816076,600.0
ex8_1_6bis.bch,easy,lsmear,both,ipoptxn,complete,176,0.05525400000000001,-10.086001496222261,-10.089416620376525,600.0
ex8_1_6bis.bch,easy,roundrobin,both,ipoptxn,complete,42,0.012682000000000002,-10.086001496222261,-10.086577275004553,600.0
ex8_1_6bis.bch,easy,smearsumrel,both,ipoptxn,complete,176,0.04794800000000001,-10.086001496222261,-10.089416620376525,600.0
ex8_1_6bis.bch,easy,lsmear-guard,both,ipoptxn,complete,176,0.057686000000000015,-10.086001496222261,-10.089416620376525,600.0
ex8_1_6bis.bch,easy,ref-ipopt,both,ipoptxn,complete,38,0.05650900000000002,-10.086001496222261,-10.096097593816076,600.0
ex8_1_7.bch,easy,lsmear,both,ipoptxn,complete,30,0.06378500000000004,0.029310826782310544,0.029281545237073475,600.0
ex8_1_7.bch,easy,roundrobin,both,ipoptxn,complete,34,0.06646000000000002,0.029310826782310544,0.029281545237073475,600.0
ex8_1_7.bch,easy,smearsumrel,both,ipoptxn,complete,26,0.05447200000000001,0.029310826782310544,0.029281545237073475,600.0
ex8_1_7.bch,easy,lsmear-guard,both,ipoptxn,complete,30,0.06414200000000002,0.029310826782310544,0.029281545237073475,600.0
ex8_1_7.bch,easy,ref-ipopt,both,ipoptxn,complete,24,0.06361000000000001,0.029310826782310544,0.029281545237073475,600.0
ex8_1_8.bch,easy,lsmear,both,ipoptxn,complete,4,0.02129900000000001,-0.38881145709197124,-0.3892006577497209,600.0
ex8_1_8.bch,easy,roundrobin,both,ipoptxn,complete,6,0.019674000000000007,-0.38881145709197124,-0.3892006577497209,600.0
ex8_1_8.bch,easy,smearsumrel,both,ipoptxn,complete,4,0.020866000000000006,-0.38881145709197124,-0.3892006577497209,600.0
ex8_1_8.bch,easy,lsmear-guard,both,ipoptxn,complete,4,0.021838000000000003,-0.38881145709197124,-0.3892006577497209,600.0
ex8_1_8.bch,easy,ref-ipopt,both,ipoptxn,complete,4,0.02251900000000001,-0.38881145709197124,-0.3892006577497209,600.0
ex8_1_8bis.bch,easy,lsmear,both,ipoptxn,complete,4,0.020579000000000007,-0.3888114570919674,-0.38920065774971707,600.0
ex8_1_8bis.bch,easy,roundrobin,both,ipoptxn,complete,6,0.018778000000000003,-0.3888114570919674,-0.38920065774971707,600.0
ex8_1_8bis.bch,easy,smearsumrel,both,ipoptxn,complete,4,0.020101000000000008,-0.3888114570919674,-0.38920065774971707,600.0
ex8_1_8bis.bch,easy,lsmear-guard,both,ipoptxn,complete,4,0.020538000000000004,-0.3888114570919674,-0.38920065774971707,600.0
ex8_1_8bis.bch,easy,ref-ipopt,both,ipoptxn,complete,4,0.02173400000000001,-0.3888114570919674,-0.38920065774971707,600.0
ex8_2_1.bch,easy,lsmear,both,ipoptxn,complete,2,0.03454999999999997,-979.178272930679,-980.1584313620409,600.0
ex8_2_1.bch,easy,roundrobin,both,ipoptxn,complete,2,0.0473889999999999,-979.178272930679,-980.1584313620409,600.0
ex8_2_1.bch,easy,smearsumrel,both,ipoptxn,complete,2,0.16345399999999988,-979.178272930679,-980.1584313620409,600.0
ex8_2_1.bch,easy,lsmear-guard,both,ipoptxn,complete,2,0.03270000000000006,-979.178272930679,-980.1584313620409,600.0
ex8_2_1.bch,easy,ref-ipopt,both,ipoptxn,complete,2,0.04750600000000016,-979.178272930679,-980.1584313620409,600.0
ex8_2_4.bch,unsolved,lsmear,both,ipoptxn,timeout,47918,600.0042630000004,inf,-1401792044.0975864,600.0
ex8_2_4.bch,unsolved,roundrobin,both,ipoptxn,complete,1136,24.874271000000004,-1399247921.160663,-1400648569.730393,600.0
ex8_2_4.bch,unsolved,smearsumrel,both,ipoptxn,timeout,47948,600.0139570000002,inf,-1401792044.0975864,600.0
ex8_2_4.bch,unsolved,lsmear-guard,both,ipoptxn,timeout,57008,600.7118970000002,inf,-1401999426.3507812,600.0
ex8_2_4.bch,unsolved,ref-ipopt,both,ipoptxn,complete,8892,41.49494200000001,-1.4019819437769013e+21,-1.4019996017716625e+21,600.0
ex8_4_1.bch,unsolved,lsmear,both,ipoptxn,timeout,76424,600.0247360000002,0.6185727241815989,0.1282359736367038,600.0
ex8_4_1.bch,unsolved,roundrobin,both,ipoptxn,timeout,74770,600.0038720000003,0.6185727241815989,0.21251464520085112,600.0
ex8_4_1.bch,unsolved,smearsumrel,both,ipoptxn,timeout,100274,600.0039920000003,0.6185727241815989,0.2895482688010049,600.0
ex8_4_1.bch,unsolved,lsmear-guard,both,ipoptxn,timeout,76544,600.0039320000003,0.6185727241815989,0.12852062977924922,600.0
ex8_4_1.bch,unsolved,ref-ipopt,both,ipoptxn,timeout,81560,599.9911920000003,0.6185727241815989,0.21251464520085112,600.0
ex8_4_1bis.bch,unsolved,lsmear,both,ipoptxn,timeout,290038,600.0009160000002,0.6185727594370471,0.28954828530376003,600.0
ex8_4_1bis.bch,unsolved,roundrobin,both,ipoptxn,timeout,347936,600.0012820000003,0.6185727594370471,0.33987514254782847,600.0
ex8_4_1bis.bch,unsolved,smearsumrel,both,ipoptxn,timeout,308232,600.0022930000001,0.618572759437047,0.28954828530376003,600.0
ex8_4_1bis.bch,unsolved,lsmear-guard,both,ipoptxn,timeout,320132,600.0015720000002,0.6185727594370471,0.32603789856249954,600.0
ex8_4_1bis.bch,unsolved,ref-ipopt,both,ipoptxn,timeout,345816,599.9987590000002,0.618572759437047,0.3815021107157836,600.0
ex8_4_2.bch,unsolved,lsmear,both,ipoptxn,timeout,52244,600.0248740000002,0.48515245664451845,0,600.0
ex8_4_2.bch,unsolved,roundrobin,both,ipoptxn,timeout,58860,600.0086900000003,0.48515245664451845,0,600.0
ex8_4_2.bch,unsolved,smearsumrel,both,ipoptxn,timeout,61088,600.0051530000003,0.48515245664451845,0.002169385010681393,600.0
ex8_4_2.bch,unsolved,lsmear-guard,both,ipoptxn,timeout,52256,600.0202490000003,0.48515245664451845,0,600.0
ex8_4_2.bch,unsolved,ref-ipopt,both,ipoptxn,timeout,59624,599.9961960000004,0.48515245664451845,0.0076760125392348446,600.0
ex8_4_2bis.bch,unsolved,lsmear,both,ipoptxn,timeout,185092,600.0008930000001,0.48515248692704144,0,600.0
ex8_4_2bis.bch,unsolved,roundrobin,both,ipoptxn,timeout,183292,600.0045080000002,0.48515248692704155,0,600.0
ex8_4_2bis.bch,unsolved,smearsumrel,both,ipoptxn,timeout,224012,600.0065830000002,0.48515248692704116,0,600.0
ex8_4_2bis.bch,unsolved,lsmear-guard,both,ipoptxn,timeout,183898,600.0015340000001,0.48515248692704144,0,600.0
ex8_4_2bis.bch,unsolved,ref-ipopt,both,ipoptxn,timeout,190232,599.9955140000003,0.4851524869270413,0.002499999999999982,600.0
ex8_4_3.bch,unsolved,lsmear,both,ipoptxn,timeout,20710,600.0421910000001,0.004649710665649912,2.5753058814054208e-05,600.0
ex8_4_3.bch,unsolved,roundrobin,both,ipoptxn,timeout,15314,600.0980250000002,0.004649710665649912,1.3678330488304826e-05,600.0
ex8_4_3.bch,unsolved,smearsumrel,both,ipoptxn,timeout,28678,600.0161190000002,0.004649710665649912,0.003593220169094304,600.0
ex8_4_3.bch,unsolved,lsmear-guard,both,ipoptxn,timeout,20772,600.0260680000002,0.004649710665649912,2.5753058814054208e-05,600.0
ex8_4_3.bch,unsolved,ref-ipopt,both,ipoptxn,timeout,19952,599.9869870000005,0.004649710665649912,0.00046450656000498634,600.0
ex8_4_4-1.bch,blowup,lsmear,both,ipoptxn,complete,500,6.899351000000002,0.21245981482721735,0.21224756725995741,600.0
ex8_4_4-1.bch,blowup,roundrobin,both,ipoptxn,complete,1332,18.231633000000006,0.21245981482721735,0.21224756725995741,600.0
ex8_4_4-1.bch,blowup,smearsumrel,both,ipoptxn,complete,210,4.371723000000001,0.21245981482721735,0.21224756725995741,600.0
ex8_4_4-1.bch,blowup,lsmear-guard,both,ipoptxn,complete,500,6.8715350000000015,0.21245981482721735,0.21224756725995741,600.0
ex8_4_4-1.bch,blowup,ref-ipopt,both,ipoptxn,complete,560,7.927933000000003,0.21245981482721735,0.21224756725995741,600.0
ex8_4_4-2.bch,blowup,lsmear,both,ipoptxn,complete,500,6.839575000000001,0.21245981482721735,0.21224756725995741,600.0
ex8_4_4-2.bch,blowup,roundrobin,both,ipoptxn,complete,1332,18.20453000000001,0.21245981482721735,0.21224756725995741,600.0
ex8_4_4-2.bch,blowup,smearsumrel,both,ipoptxn,complete,210,4.172925000000002,0.21245981482721735,0.21224756725995741,600.0
ex8_4_4-2.bch,blowup,lsmear-guard,both,ipoptxn,complete,500,6.880232000000002,0.21245981482721735,0.21224756725995741,600.0
ex8_4_4-2.bch,blowup,ref-ipopt,both,ipoptxn,complete,560,7.890500000000002,0.21245981482721735,0.21224756725995741,600.0
ex8_4_4.bch,blowup,lsmear,both,ipoptxn,complete,470,6.432591000000001,0.21245981484842366,0.21224756728114255,600.0
ex8_4_4.bch,blowup,roundrobin,both,ipoptxn,complete,2320,35.033737,0.21245981484842366,0.21224756728114255,600.0
ex8_4_4.bch,blowup,smearsumrel,both,ipoptxn,complete,228,4.337588000000001,0.21245981484842366,0.21224756728114255,600.0
ex8_4_4.bch,blowup,lsmear-guard,both,ipoptxn,complete,470,6.410163000000002,0.21245981484842366,0.21224756728114255,600.0
ex8_4_4.bch,blowup,ref-ipopt,both,ipoptxn,complete,576,7.899209000000001,0.21245981484842366,0.21224756728114255,600.0
ex8_4_4bis.bch,medium,lsmear,both,ipoptxn,complete,35144,44.05706100000002,0.2124598386902073,0.2122475910991082,600.0
ex8_4_4bis.bch,medium,roundrobin,both,ipoptxn,complete,48788,51.80560900000002,0.21245983869020707,0.21224759109910799,600.0
ex8_4_4bis.bch,medium,smearsumrel,both,ipoptxn,complete,35144,42.08616300000002,0.2124598386902073,0.2122475910991082,600.0
ex8_4_4bis.bch,medium,lsmear-guard,both,ipoptxn,complete,35144,44.473582000000015,0.2124598386902073,0.2122475910991082,600.0
ex8_4_4bis.bch,medium,ref-ipopt,both,ipoptxn,complete,33068,42.52973300000002,0.21245983869020732,0.21224759109910823,600.0
ex8_4_5-1.bch,others,lsmear,both,ipoptxn,timeout,137696,600.0030020000004,0.00030748524990394766,0,600.0
ex8_4_5-1.bch,others,roundrobin,both,ipoptxn,timeout,64552,600.0038530000002,0.00030748524990394766,0.0003013189012164783,600.0
ex8_4_5-1.bch,others,smearsumrel,both,ipoptxn,timeout,138100,600.0018860000002,0.00030748524990394766,0,600.0
ex8_4_5-1.bch,others,lsmear-guard,both,ipoptxn,complete,62496,587.9860120000002,0.00030748524990394766,0.0003071780718321156,600.0
ex8_4_5-1.bch,others,ref-ipopt,both,ipoptxn,complete,64,0.5544050000000001,0.00030748524990394766,0.0003071780718321156,600.0
ex8_4_5.bch,blowup,lsmear,both,ipoptxn,timeout,303320,600.0023480000003,0.00030748525116837123,0,600.0
ex8_4_5.bch,blowup,roundrobin,both,ipoptxn,timeout,73448,600.0101480000002,0.00030748525116837123,0.0003022533107749838,600.0
ex8_4_5.bch,blowup,smearsumrel,both,ipoptxn,timeout,300034,600.0015780000001,0.00030748525116837123,0,600.0
ex8_4_5.bch,blowup,lsmear-guard,both,ipoptxn,timeout,67876,600.0000980000002,0.00030748525116837123,0.0003044549713779999,600.0
ex8_4_5.bch,blowup,ref-ipopt,both,ipoptxn,complete,60,0.5663900000000002,0.00030748525116837123,0.000307178073095276,600.0
ex8_4_5bis.bch,others,lsmear,both,ipoptxn,timeout,1761782,600.0001930000003,0.00030748598790078947,0,600.0
ex8_4_5bis.bch,others,roundrobin,both,ipoptxn,complete,158822,105.86289900000003,0.0003074859879007895,0.0003071788090916979,600.0
ex8_4_5bis.bch,others,smearsumrel,both,ipoptxn,timeout,1765064,600.0075420000002,0.00030748598790078947,0,600.0
ex8_4_5bis.bch,others,lsmear-guard,both,ipoptxn,complete,146060,98.49935500000004,0.0003074859879007895,0.0003071788090916979,600.0
ex8_4_5bis.bch,others,ref-ipopt,both,ipoptxn,complete,60206,56.09922000000002,0.0003074859879007898,0.00030717880909169817,600.0
ex8_4_6.bch,blowup,lsmear,both,ipoptxn,timeout,46466,600.0218760000002,0.0011049684930118846,0.0004680386024350286,600.0
ex8_4_6.bch,blowup,roundrobin,both,ipoptxn,timeout,165506,600.0024400000002,0.001104968503247737,0,600.0
ex8_4_6.bch,blowup,smearsumrel,both,ipoptxn,timeout,49258,600.0293220000002,0.0011049684930117254,0.0010729703044247605,600.0
ex8_4_6.bch,blowup,lsmear-guard,both,ipoptxn,timeout,46630,600.0033420000002,0.0011049684930118846,0.0004680386024350286,600.0
ex8_4_6.bch,blowup,ref-ipopt,both,ipoptxn,timeout,46866,599.9611880000002,0.0011049685032629248,0.0005912617690081896,600.0
ex8_4_6bis.bch,blowup,lsmear,both,ipoptxn,timeout,262632,600.0013590000002,0.0032819066317263863,0,600.0
ex8_4_6bis.bch,blowup,roundrobin,both,ipoptxn,timeout,143522,600.0011990000003,0.0016075737204647622,0.0008832827276799037,600.0
ex8_4_6bis.bch,blowup,smearsumrel,both,ipoptxn,timeout,264314,600.0036980000002,0.0032819066317263863,0,600.0
ex8_4_6bis.bch,blowup,lsmear-guard,both,ipoptxn,timeout,147166,600.0033520000002,0.0016075736743437678,0.0008832822831081514,600.0
ex8_4_6bis.bch,blowup,ref-ipopt,both,ipoptxn,killed,0,960.0,inf,-inf,600.0
ex8_4_6ter.bch,blowup,lsmear,both,ipoptxn,timeout,48184,600.0054440000004,0.001104968497710635,0.0004687404702911297,600.0
ex8_4_6ter.bch,blowup,roundrobin,both,ipoptxn,timeout,174168,600.0078280000002,0.0011049685032633917,6.089223935072153e-07,600.0
ex8_4_6ter.bch,blowup,smearsumrel,both,ipoptxn,timeout,48146,600.0065020000002,0.0011049684912719836,0.0010928964642632575,600.0
ex8_4_6ter.bch,blowup,lsmear-guard,both,ipoptxn,timeout,47960,600.0052150000002,0.001104968497710635,0.0004680639738102208,600.0
ex8_4_6ter.bch,blowup,ref-ipopt,both,ipoptxn,timeout,47788,599.9870460000004,0.0011049685032631876,0.0005758896039513364,600.0
ex8_4_8.bch,unsolved,lsmear,both,ipoptxn,timeout,23996,600.0356720000003,3.321838579421672,0.021241582945520573,600.0
ex8_4_8.bch,unsolved,roundrobin,both,ipoptxn,timeout,24976,600.0353340000003,3.321838579421672,0.035484146373407126,600.0
ex8_4_8.bch,unsolved,smearsumrel,both,ipoptxn,timeout,33946,600.0209950000002,3.321838579421672,0.44856489766780844,600.0
ex8_4_8.bch,unsolved,lsmear-guard,both,ipoptxn,timeout,24130,600.0350470000003,3.321838579421672,0.02144847090181932,600.0
ex8_4_8.bch,unsolved,ref-ipopt,both,ipoptxn,timeout,15774,599.9716450000004,3.321838579421672,0.2613942139904919,600.0
ex8_4inf-1.bch,easy,lsmear,both,ipoptxn,unbounded,218,0.013075000000000007,-1.7976931348623155e+308,-inf,600.0
ex8_4inf-1.bch,easy,roundrobin,both,ipoptxn,unbounded,218,0.012292000000000008,-1.7976931348623155e+308,-inf,600.0
ex8_4inf-1.bch,easy,smearsumrel,both,ipoptxn,unbounded,218,0.011742000000000004,-1.7976931348623155e+308,-inf,600.0
ex8_4inf-1.bch,easy,lsmear-guard,both,ipoptxn,unbounded,216,0.012238000000000002,-1.7976931348623155e+308,-inf,600.0
ex8_4inf-1.bch,easy,ref-ipopt,both,ipoptxn,complete,2,0.0007729999999999994,-9.999999999999998e+39,-1e+40,600.0
ex8_5_1-1.bch,blowup,lsmear,both,ipoptxn,timeout,240504,600.0778210000002,-4.860068822665209e-07,-inf,600.0
ex8_5_1-1.bch,blowup,roundrobin,both,ipoptxn,complete,7294,14.246658000000005,-4.860085376923173e-07,-5.860085376923172e-07,600.0
ex8_5_1-1.bch,blowup,smearsumrel,both,ipoptxn,timeout,238028,600.0265740000003,-4.860068822665209e-07,-inf,600.0
ex8_5_1-1.bch,blowup,lsmear-guard,both,ipoptxn,complete,5644,10.920483000000003,-4.860068822665209e-07,-5.860068822665208e-07,600.0
ex8_5_1-1.bch,blowup,ref-ipopt,both,ipoptxn,complete,1420,2.915176000000001,-4.860044300614152e-07,-5.860044300614151e-07,600.0
ex8_5_1.bch,medium,lsmear,both,ipoptxn,timeout,3875180,600.0051140000003,-4.860068823497876e-07,-inf,600.0
ex8_5_1.bch,medium,roundrobin,both,ipoptxn,complete,6468,12.923406000000005,-4.860037882137291e-07,-5.86003788213729e-07,600.0
ex8_5_1.bch,medium,smearsumrel,both,ipoptxn,timeout,2424994,600.0000360000004,-4.860068823497876e-07,-inf,600.0
ex8_5_1.bch,medium,lsmear-guard,both,ipoptxn,complete,4766,9.972657000000003,-4.860068823497876e-07,-5.860068823497875e-07,600.0
ex8_5_1.bch,medium,ref-ipopt,both,ipoptxn,complete,1202,2.525128000000001,-4.86006404037953e-07,-5.860064040379529e-07,600.0
ex8_5_1bis.bch,hard,lsmear,both,ipoptxn,complete,864,3.0408580000000014,-5.162515499257392e-07,-6.162515499257391e-07,600.0
ex8_5_1bis.bch,hard,roundrobin,both,ipoptxn,complete,4430,11.766649000000003,-5.162515499257392e-07,-6.162515499257391e-07,600.0
ex8_5_1bis.bch,hard,smearsumrel,both,ipoptxn,complete,924,3.0478720000000012,-5.162515499257392e-07,-6.162515499257391e-07,600.0
ex8_5_1bis.bch,hard,lsmear-guard,both,ipoptxn,complete,3126,7.888572000000002,-5.162515499257392e-07,-6.162515499257391e-07,600.0
ex8_5_1bis.bch,hard,ref-ipopt,both,ipoptxn,complete,796,2.479617000000002,-5.162515500922726e-07,-6.162515500922725e-07,600.0
ex8_5_2.bch,medium,lsmear,both,ipoptxn,timeout,3848952,600.0001150000002,-2.4422246103217304e-07,-inf,600.0
ex8_5_2.bch,medium,roundrobin,both,ipoptxn,complete,52704,99.88932900000003,-2.4422246103217304e-07,-3.44222461032173e-07,600.0
ex8_5_2.bch,medium,smearsumrel,both,ipoptxn,timeout,3405984,600.0001690000004,-2.4422246103217304e-07,-inf,600.0
ex8_5_2.bch,medium,lsmear-guard,both,ipoptxn,complete,28368,55.47486300000001,-2.4422246103217304e-07,-3.44222461032173e-07,600.0
ex8_5_2.bch,medium,ref-ipopt,both,ipoptxn,complete,3184,7.651735000000003,-2.4422246069910614e-07,-3.442224606991061e-07,600.0
ex8_5_2_1.bch,medium,lsmear,both,ipoptxn,timeout,2383956,600.0000450000002,-2.4422231131859817e-07,-inf,600.0
ex8_5_2_1.bch,medium,roundrobin,both,ipoptxn,complete,50930,100.46839200000004,-2.4422231131859817e-07,-3.442223113185981e-07,600.0
ex8_5_2_1.bch,medium,smearsumrel,both,ipoptxn,timeout,2069904,600.0174610000001,-2.4422231131859817e-07,-inf,600.0
ex8_5_2_1.bch,medium,lsmear-guard,both,ipoptxn,complete,29258,60.81507000000002,-2.4422231131859817e-07,-3.442223113185981e-07,600.0
ex8_5_2_1.bch,medium,ref-ipopt,both,ipoptxn,complete,3218,8.437494000000001,-2.4422231043041975e-07,-3.442223104304197e-07,600.0
ex8_5_3-1.bch,easy,lsmear,both,ipoptxn,complete,60,0.19407200000000005,-0.004135631957143948,-0.00413977172887282,600.0
ex8_5_3-1.bch,easy,roundrobin,both,ipoptxn,complete,76,0.20237000000000005,-0.004135631957143948,-0.00413977172887282,600.0
ex8_5_3-1.bch,easy,smearsumrel,both,ipoptxn,complete,78,0.23375500000000007,-0.004135631957143948,-0.00413977172887282,600.0
ex8_5_3-1.bch,easy,lsmear-guard,both,ipoptxn,complete,74,0.20106600000000005,-0.004135631957143948,-0.00413977172887282,600.0
ex8_5_3-1.bch,easy,ref-ipopt,both,ipoptxn,complete,70,0.2031050000000001,-0.004135631957143504,-0.004139771728872375,600.0
ex8_5_3.bch,easy,lsmear,both,ipoptxn,complete,140,0.3381110000000001,-0.004135631957276842,-0.0041397717290058466,600.0
ex8_5_3.bch,easy,roundrobin,both,ipoptxn,complete,152,0.3281080000000001,-0.0041356319498530025,-0.0041397717215745766,600.0
ex8_5_3.bch,easy,smearsumrel,both,ipoptxn,complete,888,1.4438720000000005,-0.004135631957277064,-0.004139771729006069,600.0
ex8_5_3.bch,easy,lsmear-guard,both,ipoptxn,complete,190,0.3487920000000001,-0.004135631957278729,-0.004139771729007736,600.0
ex8_5_3.bch,easy,ref-ipopt,both,ipoptxn,complete,108,0.2492450000000001,-0.004135631957276509,-0.0041397717290055135,600.0
ex8_5_4.bch,easy,lsmear,both,ipoptxn,complete,172,0.45938500000000015,-0.0004251914495507769,-0.00042561706661739426,600.0
ex8_5_4.bch,easy,roundrobin,both,ipoptxn,complete,228,0.5203710000000001,-0.000425191449551221,-0.0004256170666178388,600.0
ex8_5_4.bch,easy,smearsumrel,both,ipoptxn,complete,154,0.44462200000000013,-0.0004251914495507769,-0.00042561706661739426,600.0
ex8_5_4.bch,easy,lsmear-guard,both,ipoptxn,complete,212,0.5333820000000002,-0.0004251914495507769,-0.00042561706661739426,600.0
ex8_5_4.bch,easy,ref-ipopt,both,ipoptxn,complete,232,0.6299990000000002,-0.0004251785478155412,-0.00042560415196750867,600.0
ex8_5_5-1.bch,easy,lsmear,both,ipoptxn,complete,12,0.03534300000000002,-1.347325576628792,-1.3486742508796714,600.0
ex8_5_5-1.bch,easy,roundrobin,both,ipoptxn,complete,12,0.03574000000000001,-1.347325576628792,-1.3486742508796714,600.0
ex8_5_5-1.bch,easy,smearsumrel,both,ipoptxn,complete,12,0.037785000000000006,-1.347325576628792,-1.3486742508796714,600.0
ex8_5_5-1.bch,easy,lsmear-guard,both,ipoptxn,complete,12,0.034991,-1.347325576628792,-1.3486742508796714,600.0
ex8_5_5-1.bch,easy,ref-ipopt,both,ipoptxn,complete,28,0.04904600000000003,-1.3473255766287933,-1.3486742508796727,600.0
ex8_5_5.bch,easy,lsmear,both,ipoptxn,complete,120,0.33134800000000014,-0.010753601956077217,-0.010764366322399617,600.0
ex8_5_5.bch,easy,roundrobin,both,ipoptxn,complete,166,0.3905310000000002,-0.010753601957183778,-0.010764366323507284,600.0
ex8_5_5.bch,easy,smearsumrel,both,ipoptxn,complete,148,0.42597300000000016,-0.010753601957184,-0.010764366323507506,600.0
ex8_5_5.bch,easy,lsmear-guard,both,ipoptxn,complete,154,0.3796120000000001,-0.010753601957184222,-0.010764366323507728,600.0
ex8_5_5.bch,easy,ref-ipopt,both,ipoptxn,complete,174,0.3802490000000002,-0.01075360195718511,-0.010764366323508617,600.0
ex8_5_6-1.bch,easy,lsmear,both,ipoptxn,unbounded,302,0.13822600000000007,9.307888240162043e-07,-inf,600.0
ex8_5_6-1.bch,easy,roundrobin,both,ipoptxn,unbounded,1460,0.8130830000000003,9.307888240162043e-07,-inf,600.0
ex8_5_6-1.bch,easy,smearsumrel,both,ipoptxn,unbounded,302,0.13873000000000005,9.307888240162043e-07,-inf,600.0
ex8_5_6-1.bch,easy,lsmear-guard,both,ipoptxn,unbounded,712,0.4268940000000001,9.307888240162043e-07,-inf,600.0
ex8_5_6-1.bch,easy,ref-ipopt,both,ipoptxn,unbounded_obj,2658,1.110043000000001,9.307888242382489e-07,-inf,600.0
ex8_5_6.bch,medium,lsmear,both,ipoptxn,timeout,371002,600.0001390000002,-0.0011674734748138293,-inf,600.0
ex8_5_6.bch,medium,roundrobin,both,ipoptxn,complete,1914,5.057732000000002,-0.001167061605854336,-0.0011682298356900257,600.0
ex8_5_6.bch,medium,smearsumrel,both,ipoptxn,timeout,380336,600.0001740000001,-0.0011674734748138293,-inf,600.0
ex8_5_6.bch,medium,lsmear-guard,both,ipoptxn,complete,2144,5.325443000000003,-0.0011671475848502588,-0.0011683159007510097,600.0
ex8_5_6.bch,medium,ref-ipopt,both,ipoptxn,complete,1940,4.173476000000001,-0.001167473474592673,-0.001168642116709382,600.0
ex9_1_1.bch,easy,lsmear,both,ipoptxn,complete,4,0.03441100000000002,-13.000000022499998,-13.00000002500001,600.0
ex9_1_1.bch,easy,roundrobin,both,ipoptxn,complete,8,0.031978000000000006,-13.000000022499991,-13.000000025000007,600.0
ex9_1_1.bch,easy,smearsumrel,both,ipoptxn,complete,6,0.052635,-13.000000022499998,-13.000000025000007,600.0
ex9_1_1.bch,easy,lsmear-guard,both,ipoptxn,complete,4,0.033979000000000016,-13.000000022499998,-13.00000002500001,600.0
ex9_1_1.bch,easy,ref-ipopt,both,ipoptxn,complete,2,0.02737700000000001,-13.000000022499997,-13.00000002500001,600.0
ex9_1_10.bch,easy,lsmear,both,ipoptxn,complete,4,0.029371000000000036,-3.249989801831771,-3.250000006250003,600.0
ex9_1_10.bch,easy,roundrobin,both,ipoptxn,complete,2,0.02111200000000002,-3.2500000046250004,-3.250000006250003,600.0
ex9_1_10.bch,easy,smearsumrel,both,ipoptxn,complete,2,0.019710000000000005,-3.2499898018330824,-3.250000006250003,600.0
ex9_1_10.bch,easy,lsmear-guard,both,ipoptxn,complete,2,0.019545000000000146,-3.250000004625,-3.250000006250003,600.0
ex9_1_10.bch,easy,ref-ipopt,both,ipoptxn,complete,4,0.009189999999999997,-3.250000004625,-3.2532532578828826,600.0
ex9_1_2.bch,easy,lsmear,both,ipoptxn,complete,2,0.011349000000000005,-16.000000014999998,-16.016016031031025,600.0
ex9_1_2.bch,easy,roundrobin,both,ipoptxn,complete,2,0.010838000000000007,-16.000000014999998,-16.016016031031025,600.0
ex9_1_2.bch,easy,smearsumrel,both,ipoptxn,complete,2,0.01670000000000001,-16.000000014999998,-16.016016031031025,600.0
ex9_1_2.bch,easy,lsmear-guard,both,ipoptxn,complete,2,0.011257000000000007,-16.000000014999998,-16.016016031031025,600.0
ex9_1_2.bch,easy,ref-ipopt,both,ipoptxn,complete,2,0.01128700000000001,-16.000000014999998,-16.016016031031025,600.0
ex9_1_4.bch,easy,lsmear,both,ipoptxn,complete,0,9.999999999975306e-07,-37.00000003206251,-37.037037069131635,600.0
ex9_1_4.bch,easy,roundrobin,both,ipoptxn,complete,0,1.000000000001e-06,-37.00000003206251,-37.037037069131635,600.0
ex9_1_4.bch,easy,smearsumrel,both,ipoptxn,complete,0,1.000000000001e-06,-37.00000003206251,-37.037037069131635,600.0
ex9_1_4.bch,easy,lsmear-guard,both,ipoptxn,complete,0,1.000000000001e-06,-37.00000003206251,-37.037037069131635,600.0
ex9_1_4.bch,easy,ref-ipopt,both,ipoptxn,complete,0,1.000000000001001e-06,-37.00000003206251,-37.037037069131635,600.0
ex9_1_5.bch,easy,lsmear,both,ipoptxn,complete,0,9.999999999177334e-07,-1.000000009,-1.0010010100100097,600.0
ex9_1_5.bch,easy,roundrobin,both,ipoptxn,complete,0,1.9999999998354667e-06,-1.000000009,-1.0010010100100097,600.0
ex9_1_5.bch,easy,smearsumrel,both,ipoptxn,complete,0,9.999999999177334e-07,-1.000000009,-1.0010010100100097,600.0
ex9_1_5.bch,easy,lsmear-guard,both,ipoptxn,complete,0,9.999999999177334e-07,-1.000000009,-1.0010010100100097,600.0
ex9_1_5.bch,easy,ref-ipopt,both,ipoptxn,complete,10,0.05074200000000002,-1.000000009,-1.000000010000002,600.0
ex9_1_8.bch,easy,lsmear,both,ipoptxn,complete,4,0.029225000000000056,-3.249989801831771,-3.250000006250003,600.0
ex9_1_8.bch,easy,roundrobin,both,ipoptxn,complete,4,0.026824999999999877,-3.2499898018324385,-3.250000006250003,600.0
ex9_1_8.bch,easy,smearsumrel,both,ipoptxn,complete,2,0.019840999999999998,-3.2499898018330824,-3.250000006250003,600.0
ex9_1_8.bch,easy,lsmear-guard,both,ipoptxn,complete,2,0.019860999999999907,-3.250000004625,-3.250000006250003,600.0
ex9_1_8.bch,easy,ref-ipopt,both,ipoptxn,complete,4,0.009333000000000003,-3.250000004625,-3.2532532578828826,600.0
ex9_2_1.bch,easy,lsmear,both,ipoptxn,complete,2,0.0005369999999999993,16.999999974800012,16.983016957842175,600.0
ex9_2_1.bch,easy,roundrobin,both,ipoptxn,complete,2,0.0001260000000000011,16.999999974800012,16.983016957842175,600.0
ex9_2_1.bch,easy,smearsumrel,both,ipoptxn,complete,2,0.004074999999999995,16.999999974800012,16.983016957842175,600.0
ex9_2_1.bch,easy,lsmear-guard,both,ipoptxn,complete,2,0.0005400000000000023,16.999999974800012,16.983016957842175,600.0
ex9_2_1.bch,easy,ref-ipopt,both,ipoptxn,complete,2,0.0005279999999999973,16.999999974800012,16.983016957842175,600.0
ex9_2_2.bch,easy,lsmear,both,ipoptxn,complete,2,0.0004040000000000016,99.99999664700006,99.90009655044962,600.0
ex9_2_2.bch,easy,roundrobin,both,ipoptxn,complete,2,3.699999999999884e-05,99.99999664700006,99.90009655044962,600.0
ex9_2_2.bch,easy,smearsumrel,both,ipoptxn,complete,2,0.0030830000000000024,99.99999664700006,99.90009655044962,600.0
ex9_2_2.bch,easy,lsmear-guard,both,ipoptxn,complete,2,0.00042400000000000077,99.99999664700006,99.90009655044962,600.0
ex9_2_2.bch,easy,ref-ipopt,both,ipoptxn,complete,2,0.0004079999999999987,99.99999664700006,99.90009655044962,600.0
ex9_2_3.bch,easy,lsmear,both,ipoptxn,complete,2,0.0026480000000000045,-4.1999967947958794e-08,-1.4199996794795876e-07,600.0
ex9_2_3.bch,easy,roundrobin,both,ipoptxn,complete,2,0.0026149999999999993,-4.1999967947958794e-08,-1.4199996794795876e-07,600.0
ex9_2_3.bch,easy,smearsumrel,both,ipoptxn,complete,2,0.014372000000000003,-4.1999967947958794e-08,-1.4199996794795876e-07,600.0
ex9_2_3.bch,easy,lsmear-guard,both,ipoptxn,complete,2,0.0026450000000000015,-4.1999967947958794e-08,-1.4199996794795876e-07,600.0
ex9_2_3.bch,easy,ref-ipopt,both,ipoptxn,complete,2,0.002687000000000002,-4.1999967947958794e-08,-1.4199996794795876e-07,600.0
ex9_2_4.bch,easy,lsmear,both,ipoptxn,complete,2,0.0005479999999999999,0.49999997300199356,0.4995004725294641,600.0
ex9_2_4.bch,easy,roundrobin,both,ipoptxn,complete,2,0.0003610000000000002,0.49999997300199356,0.4995004725294641,600.0
ex9_2_4.bch,easy,smearsumrel,both,ipoptxn,complete,2,0.002411,0.49999997300199356,0.4995004725294641,600.0
ex9_2_4.bch,easy,lsmear-guard,both,ipoptxn,complete,2,0.00047900000000000373,0.49999997300199356,0.4995004725294641,600.0
ex9_2_4.bch,easy,ref-ipopt,both,ipoptxn,complete,2,0.0009830000000000012,0.49999997300199356,0.4995004725294641,600.0
ex9_2_5.bch,easy,lsmear,both,ipoptxn,complete,14,0.08568600000000015,4.999999979726149,4.9950049747513985,600.0
ex9_2_5.bch,easy,roundrobin,both,ipoptxn,complete,4,0.011454000000000075,4.999999977504952,4.995004972532421,600.0
ex9_2_5.bch,easy,smearsumrel,both,ipoptxn,complete,4,0.0594650000000001,4.999999977504952,4.995004972532421,600.0
ex9_2_5.bch,easy,lsmear-guard,both,ipoptxn,complete,2,0.011962000000000028,4.9999999775050155,4.995004972532484,600.0
ex9_2_5.bch,easy,ref-ipopt,both,ipoptxn,complete,4,0.011599,4.999999977504953,4.9950049725324215,600.0
ex9_2_6.bch,easy,lsmear,both,ipoptxn,complete,2,0.03440300000000001,-1.0000000179679214,-1.001001018986908,600.0
ex9_2_6.bch,easy,roundrobin,both,ipoptxn,complete,2,0.034117999999999996,-1.0000000179679214,-1.001001018986908,600.0
ex9_2_6.bch,easy,smearsumrel,both,ipoptxn,complete,2,0.033650000000000006,-1.0000000179682875,-1.0010010189872744,600.0
ex9_2_6.bch,easy,lsmear-guard,both,ipoptxn,complete,2,0.034351000000000007,-1.0000000179679214,-1.001001018986908,600.0
ex9_2_6.bch,easy,ref-ipopt,both,ipoptxn,complete,2,0.03527100000000001,-1.0000000179679214,-1.001001018986908,600.0
ex9_2_7.bch,easy,lsmear,both,ipoptxn,complete,2,0.0005259999999999987,16.999999974800012,16.983016957842175,600.0
ex9_2_7.bch,easy,roundrobin,both,ipoptxn,complete,2,0.0001260000000000011,16.999999974800012,16.983016957842175,600.0
ex9_2_7.bch,easy,smearsumrel,both,ipoptxn,complete,2,0.004083000000000003,16.999999974800012,16.983016957842175,600.0
ex9_2_7.bch,easy,lsmear-guard,both,ipoptxn,complete,2,0.0005280000000000076,16.999999974800012,16.983016957842175,600.0
ex9_2_7.bch,easy,ref-ipopt,both,ipoptxn,complete,2,0.0005370000000000028,16.999999974800012,16.983016957842175,600.0
ex9_2_8.bch,easy,lsmear,both,ipoptxn,complete,2,0.0004339999999999969,1.4999999910000006,1.4985014895104902,600.0
ex9_2_8.bch,easy,roundrobin,both,ipoptxn,complete,2,6.500000000000082e-05,1.4999999910000006,1.4985014895104902,600.0
ex9_2_8.bch,easy,smearsumrel,both,ipoptxn,complete,2,0.001460000000000003,1.4999999910000006,1.4985014895104902,600.0
ex9_2_8.bch,easy,lsmear-guard,both,ipoptxn,complete,2,0.00042199999999999876,1.4999999910000006,1.4985014895104902,600.0
ex9_2_8.bch,easy,ref-ipopt,both,ipoptxn,complete,2,0.0004340000000000004,1.4999999910000006,1.4985014895104902,600.0
exbaron.bch,easy,lsmear,both,ipoptxn,complete,0,1.000000000001e-06,3.0000011113345235,2.997004107227297,600.0
exbaron.bch,easy,roundrobin,both,ipoptxn,complete,0,9.999999999992654e-07,3.0000011113345235,2.997004107227297,600.0
exbaron.bch,easy,smearsumrel,both,ipoptxn,complete,0,9.999999999992654e-07,3.0000011113345235,2.997004107227297,600.0
exbaron.bch,easy,lsmear-guard,both,ipoptxn,complete,0,1.000000000001e-06,3.0000011113345235,2.997004107227297,600.0
exbaron.bch,easy,ref-ipopt,both,ipoptxn,complete,0,1.000000000001001e-06,3.0000011113345235,2.997004107227297,600.0
exinfinity2.bch,easy,lsmear,both,ipoptxn,complete,12,0.007746000000000003,0,0,600.0
exinfinity2.bch,easy,roundrobin,both,ipoptxn,complete,10,0.007543000000000002,6.873285123969965e-22,0,600.0
exinfinity2.bch,easy,smearsumrel,both,ipoptxn,complete,12,0.007492000000000003,0,0,600.0
exinfinity2.bch,easy,lsmear-guard,both,ipoptxn,complete,12,0.007771000000000004,0,0,600.0
exinfinity2.bch,easy,ref-ipopt,both,ipoptxn,complete,64,0.02190100000000001,6.87328512397297e-22,0,600.0
exinfinity3.bch,easy,lsmear,both,ipoptxn,complete,4,0.008341000000000001,0,0,600.0
exinfinity3.bch,easy,roundrobin,both,ipoptxn,complete,4,0.006493000000000003,0,0,600.0
exinfinity3.bch,easy,smearsumrel,both,ipoptxn,complete,4,0.006768000000000002,0,0,600.0
exinfinity3.bch,easy,lsmear-guard,both,ipoptxn,complete,4,0.0057810000000000005,0,0,600.0
exinfinity3.bch,easy,ref-ipopt,both,ipoptxn,complete,64,0.02392800000000001,6.87328512397297e-22,0,600.0
exp40.bch,easy,lsmear,both,ipoptxn,complete,0,2.0000000000002655e-06,5e-324,-9.999999999999997e-08,600.0
exp40.bch,easy,roundrobin,both,ipoptxn,complete,0,2.0000000000002655e-06,5e-324,-9.999999999999997e-08,600.0
exp40.bch,easy,smearsumrel,both,ipoptxn,complete,0,2.0000000000002655e-06,5e-324,-9.999999999999997e-08,600.0
exp40.bch,easy,lsmear-guard,both,ipoptxn,complete,0,1.0000000000001327e-06,5e-324,-9.999999999999997e-08,600.0
exp40.bch,easy,ref-ipopt,both,ipoptxn,complete,0,2.000000000000266e-06,5e-324,-9.999999999999998e-08,600.0
f1.bch,easy,lsmear,both,ipoptxn,complete,0,1.999999999999398e-06,4.708913983930178e-20,-9.999999999995289e-08,600.0
f1.bch,easy,roundrobin,both,ipoptxn,complete,0,1.0000000000001327e-06,4.708913983930178e-20,-9.999999999995289e-08,600.0
f1.bch,easy,smearsumrel,both,ipoptxn,complete,0,1.000000000001e-06,4.708913983930178e-20,-9.999999999995289e-08,600.0
f1.bch,easy,lsmear-guard,both,ipoptxn,complete,0,0,4.708913983930178e-20,-9.999999999995289e-08,600.0
f1.bch,easy,ref-ipopt,both,ipoptxn,complete,0,0,4.708913983930178e-20,-9.99999999999529e-08,600.0
fccu.bch,coconutbenchmark-library2,lsmear,both,ipoptxn,timeout,118596,600.0051580000002,11.149109035671636,3.1186318980899825,600.0
fccu.bch,coconutbenchmark-library2,roundrobin,both,ipoptxn,timeout,104634,600.0052070000003,11.149109034841564,7.536196909642075,600.0
fccu.bch,coconutbenchmark-library2,smearsumrel,both,ipoptxn,timeout,98126,600.0039280000002,11.149109035671636,8.530185663445472,600.0
fccu.bch,coconutbenchmark-library2,lsmear-guard,both,ipoptxn,timeout,107320,600.0203480000004,11.149109034241501,6.966270115295968,600.0
fccu.bch,coconutbenchmark-library2,ref-ipopt,both,ipoptxn,timeout,55278,599.9776400000002,inf,5.387437516197007,600.0
genhs28.bch,coconutbenchmark-library2,lsmear,both,ipoptxn,complete,58,0.29762600000000006,0.9271736770819132,0.926247429652261,600.0
genhs28.bch,coconutbenchmark-library2,roundrobin,both,ipoptxn,complete,76,0.3882970000000001,0.9271736770818969,0.9262474296522447,600.0
genhs28.bch,coconutbenchmark-library2,smearsumrel,both,ipoptxn,complete,76,0.3643310000000001,0.9271736770819131,0.9262474296522609,600.0
genhs28.bch,coconutbenchmark-library2,lsmear-guard,both,ipoptxn,complete,58,0.29708100000000015,0.9271736770819132,0.926247429652261,600.0
genhs28.bch,coconutbenchmark-library2,ref-ipopt,both,ipoptxn,complete,592,2.323584000000001,0.9271736770819134,0.9262474296522613,600.0
griewank.bch,easy,lsmear,both,ipoptxn,complete,18,0.024552000000000008,4.440892098500626e-16,0,600.0
griewank.bch,easy,roundrobin,both,ipoptxn,complete,36,0.043072000000000006,4.440892098500626e-16,0,600.0
griewank.bch,easy,smearsumrel,both,ipoptxn,complete,18,0.023380000000000012,4.440892098500626e-16,0,600.0
griewank.bch,easy,lsmear-guard,both,ipoptxn,complete,18,0.024523000000000007,4.440892098500626e-16,0,600.0
griewank.bch,easy,ref-ipopt,both,ipoptxn,complete,30,0.03790500000000001,5.551115123125783e-16,0,600.0
haifas.bch,coconutbenchmark-library2,lsmear,both,ipoptxn,complete,86,0.24266100000000004,-0.44999999899462484,-0.45045044944406887,600.0
haifas.bch,coconutbenchmark-library2,roundrobin,both,ipoptxn,complete,2626,4.077912000000001,-0.44999999899473675,-0.4504504494441809,600.0
haifas.bch,coconutbenchmark-library2,smearsumrel,both,ipoptxn,complete,86,0.2345260000000001,-0.44999999899462484,-0.45045044944406887,600.0
haifas.bch,coconutbenchmark-library2,lsmear-guard,both,ipoptxn,complete,86,0.24105200000000007,-0.44999999899462484,-0.45045044944406887,600.0
haifas.bch,coconutbenchmark-library2,ref-ipopt,both,ipoptxn,complete,346,0.6497380000000003,-0.4499999989947385,-0.45045044944418267,600.0
haldmads.bch,coconutbenchmark-library2,lsmear,both,ipoptxn,timeout,331400,600.0016720000002,0.03368273464355076,0,600.0
haldmads.bch,coconutbenchmark-library2,roundrobin,both,ipoptxn,complete,7238,55.442056000000015,0.00012237227624356528,0.00018320747682636204,600.0
haldmads.bch,coconutbenchmark-library2,smearsumrel,both,ipoptxn,timeout,334686,600.0011640000002,0.03368273464355076,0,600.0
haldmads.bch,coconutbenchmark-library2,lsmear-guard,both,ipoptxn,complete,44704,400.61533300000013,0.0001223722761192203,0.00012225002609312721,600.0
haldmads.bch,coconutbenchmark-library2,ref-ipopt,both,ipoptxn,complete,30848,283.0193920000001,0.033030402795604985,0.03299740539021478,600.0
harker.bch,blowup,lsmear,both,ipoptxn,complete,35250,233.93912200000005,-986.5134842897817,-987.5009852750567,600.0
harker.bch,blowup,roundrobin,both,ipoptxn,timeout,101288,600.0071390000002,-986.5134842897817,-1134.8660263000904,600.0
harker.bch,blowup,smearsumrel,both,ipoptxn,timeout,94312,600.0157170000002,-986.5134842897814,-1457.963389672862,600.0
harker.bch,blowup,lsmear-guard,both,ipoptxn,complete,35250,234.80570300000005,-986.5134842897817,-987.5009852750567,600.0
harker.bch,blowup,ref-ipopt,both,ipoptxn,complete,82120,555.3748820000002,-986.5134842897817,-987.5009852750567,600.0
haverly.bch,medium,lsmear,both,ipoptxn,complete,4,0.029125000000000005,-400.0000005499751,-400.400400950926,600.0
haverly.bch,medium,roundrobin,both,ipoptxn,complete,4,0.043608,-400.0000005499751,-400.400400950926,600.0
haverly.bch,medium,smearsumrel,both,ipoptxn,complete,2,0.032675,-400.0000005499751,-400.400400950926,600.0
haverly.bch,medium,lsmear-guard,both,ipoptxn,complete,4,0.02892,-400.0000005499751,-400.400400950926,600.0
haverly.bch,medium,ref-ipopt,both,ipoptxn,complete,18,0.1562310000000001,-400.0000005499737,-400.4004009509246,600.0
hhfair.bch,blowup,lsmear,both,ipoptxn,complete,20,0.250423,-87.15903806773176,-87.24628435208383,600.0
hhfair.bch,blowup,roundrobin,both,ipoptxn,complete,10,0.19324100000000002,-87.15903806773176,-87.24628435208383,600.0
hhfair.bch,blowup,smearsumrel,both,ipoptxn,complete,14,0.29310500000000006,-87.15903806773176,-87.24628435208383,600.0
hhfair.bch,blowup,lsmear-guard,both,ipoptxn,complete,20,0.24706700000000004,-87.15903806773176,-87.24628435208383,600.0
hhfair.bch,blowup,ref-ipopt,both,ipoptxn,complete,20,0.2315110000000001,-87.15903806773176,-87.24628435208383,600.0
hhfair1.bch,blowup,lsmear,both,ipoptxn,complete,2,0.04877000000000001,-87.15903804727542,-87.24628433160701,600.0
hhfair1.bch,blowup,roundrobin,both,ipoptxn,complete,2,0.048416000000000015,-87.15903804727542,-87.24628433160701,600.0
hhfair1.bch,blowup,smearsumrel,both,ipoptxn,complete,2,0.086841,-87.15903804727542,-87.24628433160701,600.0
hhfair1.bch,blowup,lsmear-guard,both,ipoptxn,complete,2,0.049037000000000025,-87.15903804727542,-87.24628433160701,600.0
hhfair1.bch,blowup,ref-ipopt,both,ipoptxn,complete,2,0.04626800000000004,-87.15903804727542,-87.24628433160701,600.0
himmel11.bch,easy,lsmear,both,ipoptxn,complete,2,0.0030080000000000003,-30665.538682694132,-30696.234917611742,600.0
himmel11.bch,easy,roundrobin,both,ipoptxn,complete,2,0.0025829999999999985,-30665.538682694132,-30696.234917611742,600.0
himmel11.bch,easy,smearsumrel,both,ipoptxn,complete,2,0.0057290000000000015,-30665.538682694132,-30696.234917611742,600.0
himmel11.bch,easy,lsmear-guard,both,ipoptxn,complete,2,0.002983000000000003,-30665.538682694132,-30696.234917611742,600.0
himmel11.bch,easy,ref-ipopt,both,ipoptxn,complete,2,0.003033999999999999,-30665.538682694132,-30696.234917611742,600.0
himmel16.bch,medium,lsmear,both,ipoptxn,complete,1384,8.748773000000002,-0.8660254569081517,-0.866892349257409,600.0
himmel16.bch,medium,roundrobin,both,ipoptxn,complete,3432,19.634630000000005,-0.8660254569091801,-0.8668923492584384,600.0
himmel16.bch,medium,smearsumrel,both,ipoptxn,complete,1558,9.295894000000004,-0.8660254569083244,-0.866892349257582,600.0
himmel16.bch,medium,lsmear-guard,both,ipoptxn,complete,1384,8.750975000000002,-0.8660254569081517,-0.866892349257409,600.0
himmel16.bch,medium,ref-ipopt,both,ipoptxn,complete,1202,7.902755000000002,-0.8660254569091826,-0.8668923492584409,600.0
himmelbk.bch,coconutbenchmark-library2,lsmear,both,ipoptxn,complete,6,0.7968029999999999,0.05181434484212158,0.051762582259861724,600.0
himmelbk.bch,coconutbenchmark-library2,roundrobin,both,ipoptxn,complete,6,0.46525899999999987,0.05181434484212158,0.051762582259861724,600.0
himmelbk.bch,coconutbenchmark-library2,smearsumrel,both,ipoptxn,complete,6,0.754521,0.05181434484212158,0.051762582259861724,600.0
himmelbk.bch,coconutbenchmark-library2,lsmear-guard,both,ipoptxn,complete,6,0.7908590000000002,0.05181434484212158,0.051762582259861724,600.0
himmelbk.bch,coconutbenchmark-library2,ref-ipopt,both,ipoptxn,complete,6,0.7857950000000001,0.05181434484212158,0.051762582259861724,600.0
house.bch,easy,lsmear,both,ipoptxn,complete,4,0.013768000000000006,-4500.000000189829,-4504.504504694522,600.0
house.bch,easy,roundrobin,both,ipoptxn,complete,4,0.010862000000000002,-4500.000000189829,-4504.504504694522,600.0
house.bch,easy,smearsumrel,both,ipoptxn,complete,2,0.011377999999999996,-4500.000000189829,-4504.504504694522,600.0
house.bch,easy,lsmear-guard,both,ipoptxn,complete,4,0.013742999999999998,-4500.000000189829,-4504.504504694522,600.0
house.bch,easy,ref-ipopt,both,ipoptxn,complete,4,0.01402700000000001,-4500.000000189829,-4504.504504694522,600.0
hs056.bch,coconutbenchmark-library2,lsmear,both,ipoptxn,complete,344,0.8370920000000002,-3.4560000129309607,-3.459459472403364,600.0
hs056.bch,coconutbenchmark-library2,roundrobin,both,ipoptxn,complete,240,0.7543960000000001,-3.4560000129309607,-3.459459472403364,600.0
hs056.bch,coconutbenchmark-library2,smearsumrel,both,ipoptxn,complete,122,0.3596100000000001,-3.4560000129309607,-3.459459472403364,600.0
hs056.bch,coconutbenchmark-library2,lsmear-guard,both,ipoptxn,complete,344,0.8448650000000002,-3.4560000129309607,-3.459459472403364,600.0
hs056.bch,coconutbenchmark-library2,ref-ipopt,both,ipoptxn,complete,238,0.8617500000000003,-3.4560000129309607,-3.459459472403364,600.0
hs070.bch,coconutbenchmark-library2,lsmear,both,ipoptxn,timeout,276754,600.0019840000002,0.0089231772613273,0,600.0
hs070.bch,coconutbenchmark-library2,roundrobin,both,ipoptxn,timeout,223398,600.0000290000003,0.008923177261327088,0,600.0
hs070.bch,coconutbenchmark-library2,smearsumrel,both,ipoptxn,timeout,284000,600.0679240000002,0.0089231772613273,0,600.0
hs070.bch,coconutbenchmark-library2,lsmear-guard,both,ipoptxn,timeout,227936,600.0206790000002,0.00892317726132718,0,600.0
hs070.bch,coconutbenchmark-library2,ref-ipopt,both,ipoptxn,timeout,184770,599.9989210000003,0.008923177261327154,0,600.0
hs071.bch,easy,lsmear,both,ipoptxn,complete,20,0.02978200000000001,17.014017288303734,16.9970202680357,600.0
hs071.bch,easy,roundrobin,both,ipoptxn,complete,22,0.03427400000000001,17.01401728828959,16.997020268021572,600.0
hs071.bch,easy,smearsumrel,both,ipoptxn,complete,16,0.02534,17.014017288303734,16.9970202680357,600.0
hs071.bch,easy,lsmear-guard,both,ipoptxn,complete,20,0.029408000000000014,17.014017288303734,16.9970202680357,600.0
hs071.bch,easy,ref-ipopt,both,ipoptxn,complete,16,0.02496300000000002,17.014017288303734,16.9970202680357,600.0
hs087.bch,coconutbenchmark-library2,lsmear,both,ipoptxn,complete,16,0.08122100000000002,8827.597734959256,8818.778956003254,600.0
hs087.bch,coconutbenchmark-library2,roundrobin,both,ipoptxn,complete,6,0.058910000000000025,8827.597734959256,8818.778956003254,600.0
hs087.bch,coconutbenchmark-library2,smearsumrel,both,ipoptxn,complete,6,0.05672700000000003,8827.597734959256,8818.778956003254,600.0
hs087.bch,coconutbenchmark-library2,lsmear-guard,both,ipoptxn,complete,16,0.08051800000000002,8827.597734959256,8818.778956003254,600.0
hs087.bch,coconutbenchmark-library2,ref-ipopt,both,ipoptxn,complete,14,0.06676700000000003,8827.597734959256,8818.778956003254,600.0
hs088.bch,coconutbenchmark-library2,lsmear,both,ipoptxn,complete,404,32.798619,1.3626578753474217,1.3612965787686533,600.0
hs088.bch,coconutbenchmark-library2,roundrobin,both,ipoptxn,complete,656,41.29122600000001,1.3626578755171124,1.3612965789381744,600.0
hs088.bch,coconutbenchmark-library2,smearsumrel,both,ipoptxn,complete,434,35.606133,1.3626578753474217,1.3612965787686533,600.0
hs088.bch,coconutbenchmark-library2,lsmear-guard,both,ipoptxn,complete,712,48.68840800000001,1.362657607077095,1.361296310766329,600.0
hs088.bch,coconutbenchmark-library2,ref-ipopt,both,ipoptxn,complete,526,38.193928,1.3626868091689244,1.3613254836852393,600.0
hs089.bch,coconutbenchmark-library2,lsmear,both,ipoptxn,timeout,17596,600.0323420000001,inf,0,600.0
hs089.bch,coconutbenchmark-library2,roundrobin,both,ipoptxn,timeout,3228,600.0950540000001,inf,1.192420425166123e-118,600.0
hs089.bch,coconutbenchmark-library2,smearsumrel,both,ipoptxn,timeout,21354,600.0001690000001,inf,0,600.0
hs089.bch,coconutbenchmark-library2,lsmear-guard,both,ipoptxn,timeout,3514,600.0395950000002,inf,2.084136381025305e-120,600.0
hs089.bch,coconutbenchmark-library2,ref-ipopt,both,ipoptxn,timeout,3334,599.9378810000001,inf,0.9888637180668686,600.0
hs090.bch,coconutbenchmark-library2,lsmear,both,ipoptxn,killed,0,960.0,inf,-inf,600.0
hs090.bch,coconutbenchmark-library2,roundrobin,both,ipoptxn,killed,0,960.0,inf,-inf,600.0
hs090.bch,coconutbenchmark-library2,smearsumrel,both,ipoptxn,killed,0,960.0,inf,-inf,600.0
hs090.bch,coconutbenchmark-library2,lsmear-guard,both,ipoptxn,killed,0,960.0,inf,-inf,600.0
hs090.bch,coconutbenchmark-library2,ref-ipopt,both,ipoptxn,killed,0,960.0,inf,-inf,600.0
hs091.bch,coconutbenchmark-library2,lsmear,both,ipoptxn,killed,0,960.0,inf,-inf,600.0
hs091.bch,coconutbenchmark-library2,roundrobin,both,ipoptxn,killed,0,960.0,inf,-inf,600.0
hs091.bch,coconutbenchmark-library2,smearsumrel,both,ipoptxn,killed,0,960.0,inf,-inf,600.0
hs091.bch,coconutbenchmark-library2,lsmear-guard,both,ipoptxn,killed,0,960.0,inf,-inf,600.0
hs091.bch,coconutbenchmark-library2,ref-ipopt,both,ipoptxn,killed,0,960.0,inf,-inf,600.0
hs093.bch,coconutbenchmark-library2,lsmear,both,ipoptxn,killed,0,960.0,inf,-inf,600.0
hs093.bch,coconutbenchmark-library2,roundrobin,both,ipoptxn,timeout,486130,600.0018810000004,135.07596296017996,118.0733999738955,600.0
hs093.bch,coconutbenchmark-library2,smearsumrel,both,ipoptxn,complete,348642,495.14551800000015,135.0759629630491,134.94102194110803,600.0
hs093.bch,coconutbenchmark-library2,lsmear-guard,both,ipoptxn,timeout,453940,600.0449040000003,135.0759629365703,35.84370895368464,600.0
hs093.bch,coconutbenchmark-library2,ref-ipopt,both,ipoptxn,complete,368280,539.2070180000002,135.0759629628562,134.94102194091533,600.0
hs095.bch,coconutbenchmark-library2,lsmear,both,ipoptxn,complete,2,0.003049000000000003,0.015619525331253726,0.015603921409843884,600.0
hs095.bch,coconutbenchmark-library2,roundrobin,both,ipoptxn,complete,2,4.799999999999596e-05,0.015619525331253726,0.015603921409843884,600.0
hs095.bch,coconutbenchmark-library2,smearsumrel,both,ipoptxn,complete,2,0.002869,0.015619525331253726,0.015603921409843884,600.0
hs095.bch,coconutbenchmark-library2,lsmear-guard,both,ipoptxn,complete,2,0.0030690000000000023,0.015619525331253726,0.015603921409843884,600.0
hs095.bch,coconutbenchmark-library2,ref-ipopt,both,ipoptxn,complete,2,0.003055000000000003,0.015619525331253726,0.015603921409843884,600.0
hs096.bch,coconutbenchmark-library2,lsmear,both,ipoptxn,complete,2,0.003056000000000003,0.01561952524553671,0.015603921324212499,600.0
hs096.bch,coconutbenchmark-library2,roundrobin,both,ipoptxn,complete,2,4.799999999999943e-05,0.01561952524553671,0.015603921324212499,600.0
hs096.bch,coconutbenchmark-library2,smearsumrel,both,ipoptxn,complete,2,0.002858000000000003,0.01561952524553671,0.015603921324212499,600.0
hs096.bch,coconutbenchmark-library2,lsmear-guard,both,ipoptxn,complete,2,0.0030729999999999993,0.01561952524553671,0.015603921324212499,600.0
hs096.bch,coconutbenchmark-library2,ref-ipopt,both,ipoptxn,complete,2,0.003059,0.01561952524553671,0.015603921324212499,600.0
hs097.bch,coconutbenchmark-library2,lsmear,both,ipoptxn,complete,2,0.016592000000000006,3.1358091236758274,3.132676447228599,600.0
hs097.bch,coconutbenchmark-library2,roundrobin,both,ipoptxn,complete,2,0.017694,3.1358091240959154,3.1326764476482674,600.0
hs097.bch,coconutbenchmark-library2,smearsumrel,both,ipoptxn,complete,2,0.019539000000000008,3.1358091236758274,3.132676447228599,600.0
hs097.bch,coconutbenchmark-library2,lsmear-guard,both,ipoptxn,complete,2,0.01655300000000001,3.1358091236758274,3.132676447228599,600.0
hs097.bch,coconutbenchmark-library2,ref-ipopt,both,ipoptxn,complete,4,0.01564600000000001,3.1358091236758296,3.135809122807012,600.0
hs098.bch,coconutbenchmark-library2,lsmear,both,ipoptxn,complete,4,0.016499000000000003,3.1358091236758288,3.1358091228070117,600.0
hs098.bch,coconutbenchmark-library2,roundrobin,both,ipoptxn,complete,2,0.01716200000000001,3.1358091240959163,3.1326764476482682,600.0
hs098.bch,coconutbenchmark-library2,smearsumrel,both,ipoptxn,complete,4,0.016548000000000007,3.1358091236758283,3.1326764472286,600.0
hs098.bch,coconutbenchmark-library2,lsmear-guard,both,ipoptxn,complete,4,0.016684000000000008,3.1358091236758288,3.1358091228070117,600.0
hs098.bch,coconutbenchmark-library2,ref-ipopt,both,ipoptxn,complete,4,0.01517700000000001,3.1358091236758305,3.1358091228070117,600.0
hs099.bch,coconutbenchmark-library2,lsmear,both,ipoptxn,complete,136,2.9861010000000006,-831079891.5118681,-831911803.3151832,600.0
hs099.bch,coconutbenchmark-library2,roundrobin,both,ipoptxn,complete,374,5.632631000000001,-831079891.5118681,-831911803.3151832,600.0
hs099.bch,coconutbenchmark-library2,smearsumrel,both,ipoptxn,complete,3780,48.17453300000001,-831079891.5118681,-831911803.3151832,600.0
hs099.bch,coconutbenchmark-library2,lsmear-guard,both,ipoptxn,complete,136,2.9465950000000003,-831079891.5118681,-831911803.3151832,600.0
hs099.bch,coconutbenchmark-library2,ref-ipopt,both,ipoptxn,complete,190,3.501341000000001,-831079891.5118681,-831911803.3151832,600.0
hs100.bch,coconutbenchmark-library2,lsmear,both,ipoptxn,complete,212,1.0075950000000005,680.6300573765507,679.9501072692815,600.0
hs100.bch,coconutbenchmark-library2,roundrobin,both,ipoptxn,complete,348,0.9435810000000002,680.6300573765478,679.9501072692786,600.0
hs100.bch,coconutbenchmark-library2,smearsumrel,both,ipoptxn,complete,460,1.4264520000000005,680.6300573764969,679.9501072692278,600.0
hs100.bch,coconutbenchmark-library2,lsmear-guard,both,ipoptxn,complete,212,1.0121520000000004,680.6300573765507,679.9501072692815,600.0
hs100.bch,coconutbenchmark-library2,ref-ipopt,both,ipoptxn,complete,436,1.109814000000001,680.6300573764995,679.9501072692304,600.0
hs101.bch,coconutbenchmark-library2,lsmear,both,ipoptxn,timeout,224076,600.0033910000001,1809.7647740436398,1187.7618374983995,600.0
hs101.bch,coconutbenchmark-library2,roundrobin,both,ipoptxn,timeout,282742,600.0021840000003,1809.7647740436414,1355.967839482299,600.0
hs101.bch,coconutbenchmark-library2,smearsumrel,both,ipoptxn,timeout,226072,600.0035410000002,1809.7647740436457,1225.948414029173,600.0
hs101.bch,coconutbenchmark-library2,lsmear-guard,both,ipoptxn,timeout,263328,600.0012510000003,1809.7647740436391,1355.9964145397935,600.0
hs101.bch,coconutbenchmark-library2,ref-ipopt,both,ipoptxn,timeout,201736,599.9965120000003,1809.7647740436435,1378.0554258574564,600.0
hs102.bch,coconutbenchmark-library2,lsmear,both,ipoptxn,timeout,208226,600.0068950000002,911.8805753843,796.4992258829172,600.0
hs102.bch,coconutbenchmark-library2,roundrobin,both,ipoptxn,timeout,284404,600.0003740000003,911.8805753842963,797.0985377743934,600.0
hs102.bch,coconutbenchmark-library2,smearsumrel,both,ipoptxn,timeout,217966,600.0069100000002,911.880575384293,799.6746354945567,600.0
hs102.bch,coconutbenchmark-library2,lsmear-guard,both,ipoptxn,timeout,207956,600.0077710000003,911.8805753843,796.1043229348709,600.0
hs102.bch,coconutbenchmark-library2,ref-ipopt,both,ipoptxn,timeout,197950,599.9951040000004,911.8805753842987,850.8245202488536,600.0
hs103.bch,coconutbenchmark-library2,lsmear,both,ipoptxn,complete,117524,365.9371310000001,543.6679607490094,543.1248359130964,600.0
hs103.bch,coconutbenchmark-library2,roundrobin,both,ipoptxn,timeout,283094,600.0016070000003,543.6679607490173,509.1795938895538,600.0
hs103.bch,coconutbenchmark-library2,smearsumrel,both,ipoptxn,complete,121260,351.33345300000013,543.6679607490146,543.1248359131016,600.0
hs103.bch,coconutbenchmark-library2,lsmear-guard,both,ipoptxn,complete,117524,361.2388100000001,543.6679607490094,543.1248359130964,600.0
hs103.bch,coconutbenchmark-library2,ref-ipopt,both,ipoptxn,complete,115118,356.6580640000002,543.6679607490089,543.1248359130959,600.0
hs104.bch,coconutbenchmark-library2,lsmear,both,ipoptxn,complete,276,0.9575650000000003,3.9511634504506548,3.9472162342164387,600.0
hs104.bch,coconutbenchmark-library2,roundrobin,both,ipoptxn,complete,360,1.1458650000000006,3.9511634504506974,3.9472162342164814,600.0
hs104.bch,coconutbenchmark-library2,smearsumrel,both,ipoptxn,complete,288,1.0165630000000003,3.951163450451105,3.9472162342168886,600.0
hs104.bch,coconutbenchmark-library2,lsmear-guard,both,ipoptxn,complete,276,0.9643440000000002,3.9511634504506548,3.9472162342164387,600.0
hs104.bch,coconutbenchmark-library2,ref-ipopt,both,ipoptxn,complete,258,0.9109410000000003,3.951163450450652,3.947216234216436,600.0
hs106.bch,coconutbenchmark-library2,lsmear,both,ipoptxn,complete,46,0.15310100000000004,7049.248027388768,7042.205821567201,600.0
hs106.bch,coconutbenchmark-library2,roundrobin,both,ipoptxn,complete,34,0.14140600000000003,7049.248027388767,7042.2058215672005,600.0
hs106.bch,coconutbenchmark-library2,smearsumrel,both,ipoptxn,complete,32,0.13302800000000006,7049.248027393755,7042.205821572184,600.0
hs106.bch,coconutbenchmark-library2,lsmear-guard,both,ipoptxn,complete,46,0.15065700000000007,7049.248027388768,7042.205821567201,600.0
hs106.bch,coconutbenchmark-library2,ref-ipopt,both,ipoptxn,complete,22,0.1167270000000001,7049.248027393755,7042.205821572184,600.0
hs107.bch,coconutbenchmark-library2,lsmear,both,ipoptxn,timeout,42578,600.0046330000001,inf,0,600.0
hs107.bch,coconutbenchmark-library2,roundrobin,both,ipoptxn,timeout,52184,600.0930250000002,inf,0,600.0
hs107.bch,coconutbenchmark-library2,smearsumrel,both,ipoptxn,timeout,36044,600.0218460000003,inf,0,600.0
hs107.bch,coconutbenchmark-library2,lsmear-guard,both,ipoptxn,timeout,53408,600.3528290000002,inf,0,600.0
hs107.bch,coconutbenchmark-library2,ref-ipopt,both,ipoptxn,killed,0,960.0,inf,-inf,600.0
hs108.bch,coconutbenchmark-library2,lsmear,both,ipoptxn,complete,18714,76.58404100000003,-0.866025402915283,-0.8668922952104934,600.0
hs108.bch,coconutbenchmark-library2,roundrobin,both,ipoptxn,complete,26596,95.26799300000002,-0.866025402915574,-0.8668922952107846,600.0
hs108.bch,coconutbenchmark-library2,smearsumrel,both,ipoptxn,timeout,151130,600.0006970000002,-0.8660254030896303,-0.8751932087087972,600.0
hs108.bch,coconutbenchmark-library2,lsmear-guard,both,ipoptxn,complete,25232,88.12657400000003,-0.8660254035280064,-0.8668922958238301,600.0
hs108.bch,coconutbenchmark-library2,ref-ipopt,both,ipoptxn,complete,18606,75.66006900000004,-0.8660254029151365,-0.8668922952103468,600.0
hs109.bch,coconutbenchmark-library2,lsmear,both,ipoptxn,complete,10,0.11996300000000003,5326.85133008646,5321.529800286175,600.0
hs109.bch,coconutbenchmark-library2,roundrobin,both,ipoptxn,complete,10,0.12774000000000005,5326.851687593642,5321.5301574362065,600.0
hs109.bch,coconutbenchmark-library2,smearsumrel,both,ipoptxn,complete,10,0.10297500000000004,5326.85156715341,5321.530037116294,600.0
hs109.bch,coconutbenchmark-library2,lsmear-guard,both,ipoptxn,complete,10,0.12230400000000001,5326.85133008646,5321.529800286175,600.0
hs109.bch,coconutbenchmark-library2,ref-ipopt,both,ipoptxn,complete,12,0.1292800000000001,5326.851449954185,5321.529920034152,600.0
hs110.bch,coconutbenchmark-library2,lsmear,both,ipoptxn,timeout,527692,600.0016780000002,-45.778469707446305,-49.3366262818415,600.0
hs110.bch,coconutbenchmark-library2,roundrobin,both,ipoptxn,timeout,579686,600.0011770000001,-45.778469707446305,-48.822976617749774,600.0
hs110.bch,coconutbenchmark-library2,smearsumrel,both,ipoptxn,timeout,552398,600.0009020000001,-45.778469707446305,-49.293264154923065,600.0
hs110.bch,coconutbenchmark-library2,lsmear-guard,both,ipoptxn,timeout,535424,600.0013980000002,-45.778469707446305,-49.293264154923065,600.0
hs110.bch,coconutbenchmark-library2,ref-ipopt,both,ipoptxn,complete,3486,4.086019000000003,-45.77846970744628,-45.82429400144772,600.0
hs111.bch,coconutbenchmark-library2,lsmear,both,ipoptxn,timeout,188782,600.0016980000003,-47.761091201145014,-407.39183111117757,600.0
hs111.bch,coconutbenchmark-library2,roundrobin,both,ipoptxn,timeout,253778,600.0048870000003,-47.76109120113204,-236.50950590757972,600.0
hs111.bch,coconutbenchmark-library2,smearsumrel,both,ipoptxn,timeout,198932,600.0024750000002,-47.761091201145014,-401.66255186435416,600.0
hs111.bch,coconutbenchmark-library2,lsmear-guard,both,ipoptxn,timeout,270526,600.0013280000002,-47.761091201145014,-232.77310147048684,600.0
hs111.bch,coconutbenchmark-library2,ref-ipopt,both,ipoptxn,timeout,212226,599.9997010000002,-47.62830695280765,-389.82181908245593,600.0
hs112.bch,coconutbenchmark-library2,lsmear,both,ipoptxn,timeout,220556,600.0054630000002,-47.76109120003064,-51.48257308631759,600.0
hs112.bch,coconutbenchmark-library2,roundrobin,both,ipoptxn,timeout,310510,600.0016830000002,-47.76109120003064,-54.458174537028476,600.0
hs112.bch,coconutbenchmark-library2,smearsumrel,both,ipoptxn,timeout,263262,600.0030330000002,-47.76109120003064,-54.0748393664175,600.0
hs112.bch,coconutbenchmark-library2,lsmear-guard,both,ipoptxn,timeout,219582,600.0022760000003,-47.76109120003064,-51.49973928708293,600.0
hs112.bch,coconutbenchmark-library2,ref-ipopt,both,ipoptxn,timeout,209074,599.9982230000002,-47.76109120003064,-49.37341920967579,600.0
hs113.bch,coconutbenchmark-library2,lsmear,both,ipoptxn,complete,384,1.6923240000000006,24.306209072651082,24.28192714550558,600.0
hs113.bch,coconutbenchmark-library2,roundrobin,both,ipoptxn,complete,96,0.5939520000000003,24.3062090726511,24.2819271455056,600.0
hs113.bch,coconutbenchmark-library2,smearsumrel,both,ipoptxn,complete,96,0.5710600000000002,24.30620907266219,24.28192714551668,600.0
hs113.bch,coconutbenchmark-library2,lsmear-guard,both,ipoptxn,complete,384,1.6868450000000004,24.306209072651082,24.28192714550558,600.0
hs113.bch,coconutbenchmark-library2,ref-ipopt,both,ipoptxn,complete,632,2.772941000000001,24.30620907267604,24.281927145530513,600.0
hs114.bch,coconutbenchmark-library2,lsmear,both,ipoptxn,complete,20,0.10215300000000004,-1768.8068876881362,-1770.5774651532893,600.0
hs114.bch,coconutbenchmark-library2,roundrobin,both,ipoptxn,complete,38,0.20002700000000004,-1768.8069586076008,-1770.5775361437443,600.0
hs114.bch,coconutbenchmark-library2,smearsumrel,both,ipoptxn,complete,178,0.9025290000000002,-1768.806925280588,-1770.5775027833713,600.0
hs114.bch,coconutbenchmark-library2,lsmear-guard,both,ipoptxn,complete,22,0.14911900000000003,-1768.8069585553612,-1770.5775360914524,600.0
hs114.bch,coconutbenchmark-library2,ref-ipopt,both,ipoptxn,complete,22,0.1621330000000001,-1768.8069543050633,-1770.5775318369,600.0
hs116.bch,coconutbenchmark-library2,lsmear,both,ipoptxn,complete,118,0.9622390000000002,97.59314393075981,97.49564828247735,600.0
hs116.bch,coconutbenchmark-library2,roundrobin,both,ipoptxn,complete,134,0.9291390000000002,97.60896860039068,97.51145714324745,600.0
hs116.bch,coconutbenchmark-library2,smearsumrel,both,ipoptxn,complete,110,0.7381980000000001,97.59513198355232,97.49763434920312,600.0
hs116.bch,coconutbenchmark-library2,lsmear-guard,both,ipoptxn,complete,126,0.9669920000000004,97.63127284556917,97.53373910646272,600.0
hs116.bch,coconutbenchmark-library2,ref-ipopt,both,ipoptxn,complete,96,0.7070250000000003,97.68422997422465,97.58664333089376,600.0
hs117.bch,coconutbenchmark-library2,lsmear,both,ipoptxn,complete,8224,54.49049500000001,32.3486789674399,32.31636260483508,600.0
hs117.bch,coconutbenchmark-library2,roundrobin,both,ipoptxn,complete,101804,490.0789370000001,32.34867896743986,32.316362604835035,600.0
hs117.bch,coconutbenchmark-library2,smearsumrel,both,ipoptxn,complete,24680,135.11122000000003,32.34867896743988,32.31636260483506,600.0
hs117.bch,coconutbenchmark-library2,lsmear-guard,both,ipoptxn,complete,8224,54.32067900000002,32.3486789674399,32.31636260483508,600.0
hs117.bch,coconutbenchmark-library2,ref-ipopt,both,ipoptxn,complete,8370,53.91597000000002,32.3486789674399,32.31636260483508,600.0
hs118.bch,coconutbenchmark-library2,lsmear,both,ipoptxn,timeout,527814,600.0009530000002,inf,664.8204499355434,600.0
hs118.bch,coconutbenchmark-library2,roundrobin,both,ipoptxn,timeout,696896,600.0009630000002,inf,664.8204499355435,600.0
hs118.bch,coconutbenchmark-library2,smearsumrel,both,ipoptxn,timeout,580012,600.0006170000003,inf,664.8204499355434,600.0
hs118.bch,coconutbenchmark-library2,lsmear-guard,both,ipoptxn,timeout,487600,600.0010910000003,inf,664.8204499355433,600.0
hs118.bch,coconutbenchmark-library2,ref-ipopt,both,ipoptxn,timeout,284852,599.9982460000004,inf,664.8204499355436,600.0
hs119.bch,coconutbenchmark-library2,lsmear,both,ipoptxn,complete,622,5.454054000000002,244.89969499468995,244.65503995473523,600.0
hs119.bch,coconutbenchmark-library2,roundrobin,both,ipoptxn,complete,836,8.259711000000003,244.89969499468995,244.65503995473523,600.0
hs119.bch,coconutbenchmark-library2,smearsumrel,both,ipoptxn,complete,672,7.9648150000000015,244.89969499468995,244.65503995473523,600.0
hs119.bch,coconutbenchmark-library2,lsmear-guard,both,ipoptxn,complete,622,5.438950000000002,244.89969499468995,244.65503995473523,600.0
hs119.bch,coconutbenchmark-library2,ref-ipopt,both,ipoptxn,complete,556,5.720336000000002,244.89969499468995,244.65503995473523,600.0
hs21mod.bch,coconutbenchmark-library2,lsmear,both,ipoptxn,complete,10,0.016637000000000006,-95.95999999564486,-95.96000000000001,600.0
hs21mod.bch,coconutbenchmark-library2,roundrobin,both,ipoptxn,complete,10,0.015613000000000004,-95.95999999564486,-95.96000000000001,600.0
hs21mod.bch,coconutbenchmark-library2,smearsumrel,both,ipoptxn,complete,10,0.016135000000000007,-95.95999999564486,-95.96000000000001,600.0
hs21mod.bch,coconutbenchmark-library2,lsmear-guard,both,ipoptxn,complete,10,0.016524000000000007,-95.95999999564486,-95.96000000000001,600.0
hs21mod.bch,coconutbenchmark-library2,ref-ipopt,both,ipoptxn,complete,40,0.04101000000000002,-95.95999249664563,-95.96000000000001,600.0
hydro.bch,medium,lsmear,both,ipoptxn,complete,2,0.048257999999999995,4366944.159705471,4362581.578127345,600.0
hydro.bch,medium,roundrobin,both,ipoptxn,complete,2,0.05498800000000001,4366944.159705471,4362581.578127345,600.0
hydro.bch,medium,smearsumrel,both,ipoptxn,complete,2,0.07752299999999998,4366944.159705471,4362581.578127345,600.0
hydro.bch,medium,lsmear-guard,both,ipoptxn,complete,2,0.048158000000000006,4366944.159705471,4362581.578127345,600.0
hydro.bch,medium,ref-ipopt,both,ipoptxn,complete,2,0.05578600000000004,4366944.159705471,4362581.578127345,600.0
immun.bch,medium,lsmear,both,ipoptxn,complete,0,9.999999999177334e-07,5.1880768019325896e-21,-9.99999999999948e-08,600.0
immun.bch,medium,roundrobin,both,ipoptxn,complete,0,1.0000000000287557e-06,5.1880768019325896e-21,-9.99999999999948e-08,600.0
immun.bch,medium,smearsumrel,both,ipoptxn,complete,0,9.999999999177334e-07,5.1880768019325896e-21,-9.99999999999948e-08,600.0
immun.bch,medium,lsmear-guard,both,ipoptxn,complete,0,2.0000000000575113e-06,5.1880768019325896e-21,-9.99999999999948e-08,600.0
immun.bch,medium,ref-ipopt,both,ipoptxn,complete,0,9.999999999177334e-07,5.1880768019325896e-21,-9.999999999999481e-08,600.0
launch.bch,medium,lsmear,both,ipoptxn,complete,14,1.0533680000000003,2257.7975561460407,2255.542014131909,600.0
launch.bch,medium,roundrobin,both,ipoptxn,complete,2088,65.41585700000002,2257.7976571778872,2255.542115062825,600.0
launch.bch,medium,smearsumrel,both,ipoptxn,complete,26,1.8925320000000003,2257.7980633229436,2255.542520802142,600.0
launch.bch,medium,lsmear-guard,both,ipoptxn,complete,1720,55.63009000000001,2258.963040910948,2256.7063345763722,600.0
launch.bch,medium,ref-ipopt,both,ipoptxn,complete,26,2.396012000000001,2257.797557265701,2255.542015250451,600.0
launch__coconut.bch,coconutbenchmark-library2,lsmear,both,ipoptxn,infeasible,0,2.000000000002e-06,inf,-inf,600.0
launch__coconut.bch,coconutbenchmark-library2,roundrobin,both,ipoptxn,infeasible,0,2.000000000002e-06,inf,-inf,600.0
launch__coconut.bch,coconutbenchmark-library2,smearsumrel,both,ipoptxn,infeasible,0,3.000000000030756e-06,inf,-inf,600.0
launch__coconut.bch,coconutbenchmark-library2,lsmear-guard,both,ipoptxn,infeasible,0,2.000000000002e-06,inf,-inf,600.0
launch__coconut.bch,coconutbenchmark-library2,ref-ipopt,both,ipoptxn,infeasible,0,1.000000000028756e-06,inf,-inf,600.0
least.bch,unsolved,lsmear,both,ipoptxn,killed,0,960.0,inf,-inf,600.0
least.bch,unsolved,roundrobin,both,ipoptxn,killed,0,960.0,inf,-inf,600.0
least.bch,unsolved,smearsumrel,both,ipoptxn,killed,0,960.0,inf,-inf,600.0
least.bch,unsolved,lsmear-guard,both,ipoptxn,killed,0,960.0,inf,-inf,600.0
least.bch,unsolved,ref-ipopt,both,ipoptxn,timeout,150650,599.9927940000002,14085.139848928444,0,600.0
like-1.bch,medium,lsmear,both,ipoptxn,unbounded,2606,2.0124040000000005,1138.3548284946196,-inf,600.0
like-1.bch,medium,roundrobin,both,ipoptxn,unbounded,2800,2.9307660000000006,995.963029393457,-inf,600.0
like-1.bch,medium,smearsumrel,both,ipoptxn,unbounded,2606,1.9994130000000006,1138.3548284946196,-inf,600.0
like-1.bch,medium,lsmear-guard,both,ipoptxn,unbounded,2744,2.1273030000000004,1138.4105623197534,-inf,600.0
like-1.bch,medium,ref-ipopt,both,ipoptxn,unbounded_obj,2384,3.088623000000001,1138.3548284924848,-inf,600.0
like.bch,medium,lsmear,both,ipoptxn,unbounded,2730,1.965519000000001,1218.5169468433735,-inf,600.0
like.bch,medium,roundrobin,both,ipoptxn,unbounded,2722,2.8443810000000007,1218.5170007451031,-inf,600.0
like.bch,medium,smearsumrel,both,ipoptxn,unbounded,2730,1.9769980000000005,1218.5169468433735,-inf,600.0
like.bch,medium,lsmear-guard,both,ipoptxn,unbounded,2796,2.4149670000000008,1218.5169822241744,-inf,600.0
like.bch,medium,ref-ipopt,both,ipoptxn,unbounded_obj,2720,1.929244000000001,1218.517056590733,-inf,600.0
linear.bch,medium,lsmear,both,ipoptxn,timeout,141566,600.0066440000003,89.05479056938356,80.36905512341261,600.0
linear.bch,medium,roundrobin,both,ipoptxn,timeout,171248,600.0045590000003,89.00791266488646,50.80169589015671,600.0
linear.bch,medium,smearsumrel,both,ipoptxn,timeout,76872,600.0028650000003,89.01087560378407,79.53161938814215,600.0
linear.bch,medium,lsmear-guard,both,ipoptxn,timeout,142792,600.0053320000003,89.05479056938356,80.36905512341261,600.0
linear.bch,medium,ref-ipopt,both,ipoptxn,timeout,95632,599.9987680000003,89.01556295973528,59.67759535245731,600.0
loadbal.bch,coconutbenchmark-library2,lsmear,both,ipoptxn,timeout,1094276,600.0001760000002,0.45285104085679073,-inf,600.0
loadbal.bch,coconutbenchmark-library2,roundrobin,both,ipoptxn,timeout,870718,600.0089070000002,0.4528510408612431,-inf,600.0
loadbal.bch,coconutbenchmark-library2,smearsumrel,both,ipoptxn,timeout,1092292,600.0013360000002,0.45285104085679073,-inf,600.0
loadbal.bch,coconutbenchmark-library2,lsmear-guard,both,ipoptxn,timeout,765314,600.0003390000002,0.45285104085679073,-inf,600.0
loadbal.bch,coconutbenchmark-library2,ref-ipopt,both,ipoptxn,timeout,988202,599.9999670000004,0.452851040855849,-inf,600.0
lotschd.bch,coconutbenchmark-library2,lsmear,both,ipoptxn,complete,2,0.012547999999999997,2398.415837407335,2396.019817589746,600.0
lotschd.bch,coconutbenchmark-library2,roundrobin,both,ipoptxn,complete,2,0.009642000000000005,2398.415837407335,2396.019817589746,600.0
lotschd.bch,coconutbenchmark-library2,smearsumrel,both,ipoptxn,complete,2,0.015729,2398.415837407335,2396.019817589746,600.0
lotschd.bch,coconutbenchmark-library2,lsmear-guard,both,ipoptxn,complete,2,0.012744000000000005,2398.415837407335,2396.019817589746,600.0
lotschd.bch,coconutbenchmark-library2,ref-ipopt,both,ipoptxn,complete,2,0.010427,2398.415837407335,2396.019817589746,600.0
m4wd.bch,easy,lsmear,both,ipoptxn,complete,46,0.12093200000000005,0.029310826782345714,0.02928154523710861,600.0
m4wd.bch,easy,roundrobin,both,ipoptxn,complete,78,0.14263400000000007,0.029310826782345204,0.0292815452371081,600.0
m4wd.bch,easy,smearsumrel,both,ipoptxn,complete,54,0.11488000000000004,0.02931082678234538,0.029281545237108277,600.0
m4wd.bch,easy,lsmear-guard,both,ipoptxn,complete,46,0.11565400000000003,0.029310826782345714,0.02928154523710861,600.0
m4wd.bch,easy,ref-ipopt,both,ipoptxn,complete,464,0.9178240000000004,0.0293108267826755,0.029281545237438065,600.0
makela3.bch,coconutbenchmark-library2,lsmear,both,ipoptxn,complete,63392,3.033125000000001,1e-09,0,600.0
makela3.bch,coconutbenchmark-library2,roundrobin,both,ipoptxn,complete,12326,15.865114000000004,1.0009999999999997e-09,0,600.0
makela3.bch,coconutbenchmark-library2,smearsumrel,both,ipoptxn,complete,63392,3.0529570000000006,1e-09,0,600.0
makela3.bch,coconutbenchmark-library2,lsmear-guard,both,ipoptxn,complete,10524,15.186919000000005,1.0010000000000827e-09,0,600.0
makela3.bch,coconutbenchmark-library2,ref-ipopt,both,ipoptxn,complete,72,1.066659000000001,1.0009999996096007e-09,0,600.0
makela4.bch,coconutbenchmark-library2,lsmear,both,ipoptxn,complete,0,1.000000000001e-06,1e-09,-9.899999999999997e-08,600.0
makela4.bch,coconutbenchmark-library2,roundrobin,both,ipoptxn,complete,0,2.000000000002e-06,1e-09,-9.899999999999997e-08,600.0
makela4.bch,coconutbenchmark-library2,smearsumrel,both,ipoptxn,complete,0,1.000000000001e-06,1e-09,-9.899999999999997e-08,600.0
makela4.bch,coconutbenchmark-library2,lsmear-guard,both,ipoptxn,complete,0,1.000000000001e-06,1e-09,-9.899999999999997e-08,600.0
makela4.bch,coconutbenchmark-library2,ref-ipopt,both,ipoptxn,complete,0,2.000000000002001e-06,1e-09,-9.899999999999999e-08,600.0
matrix2.bch,coconutbenchmark-library2,lsmear,both,ipoptxn,complete,86640,24.612018000000006,7.833920287642736e-08,0,600.0
matrix2.bch,coconutbenchmark-library2,roundrobin,both,ipoptxn,complete,6146,10.554738000000004,9.052920987639397e-08,0,600.0
matrix2.bch,coconutbenchmark-library2,smearsumrel,both,ipoptxn,complete,86646,23.240742000000008,2.011487539304973e-08,0,600.0
matrix2.bch,coconutbenchmark-library2,lsmear-guard,both,ipoptxn,complete,6120,10.054603000000002,4.628877438618217e-08,0,600.0
matrix2.bch,coconutbenchmark-library2,ref-ipopt,both,ipoptxn,complete,584,7.007643000000002,7.914661390138976e-08,0,600.0
mconcon.bch,coconutbenchmark-library2,lsmear,both,ipoptxn,timeout,89972,600.0392160000001,-6230.7955620116145,-24222272.90114686,600.0
mconcon.bch,coconutbenchmark-library2,roundrobin,both,ipoptxn,complete,28,0.19242700000000007,-6230.794361389941,-6237.031392782723,600.0
mconcon.bch,coconutbenchmark-library2,smearsumrel,both,ipoptxn,timeout,88182,600.0039250000002,-6230.795562011611,-24222272.90114686,600.0
mconcon.bch,coconutbenchmark-library2,lsmear-guard,both,ipoptxn,complete,116,0.4848550000000001,-6230.795122412923,-6237.03215456749,600.0
mconcon.bch,coconutbenchmark-library2,ref-ipopt,both,ipoptxn,timeout,240172,599.9995170000002,inf,-1.3466203561775163e+18,600.0
meanvar.bch,medium,lsmear,both,ipoptxn,complete,534,1.3803830000000006,5.243398680628046,5.2381605201079395,600.0
meanvar.bch,medium,roundrobin,both,ipoptxn,complete,642,1.5859120000000004,5.243398680628046,5.2381605201079395,600.0
meanvar.bch,medium,smearsumrel,both,ipoptxn,complete,508,1.4340360000000003,5.243398680628046,5.2381605201079395,600.0
meanvar.bch,medium,lsmear-guard,both,ipoptxn,complete,534,1.3854510000000004,5.243398680628046,5.2381605201079395,600.0
meanvar.bch,medium,ref-ipopt,both,ipoptxn,complete,470,1.322304000000001,5.243398680628046,5.2381605201079395,600.0
minlphi.bch,blowup,lsmear,both,ipoptxn,timeout,31158,600.0950600000002,inf,-inf,600.0
minlphi.bch,blowup,roundrobin,both,ipoptxn,timeout,35198,601.0127110000003,inf,582.236066428753,600.0
minlphi.bch,blowup,smearsumrel,both,ipoptxn,timeout,35000,600.8001190000003,inf,-inf,600.0
minlphi.bch,blowup,lsmear-guard,both,ipoptxn,timeout,36206,600.0068570000002,inf,575.2492528622765,600.0
minlphi.bch,blowup,ref-ipopt,both,ipoptxn,timeout,33834,599.9894960000003,inf,-inf,600.0
minlphi1.bch,blowup,lsmear,both,ipoptxn,timeout,38994,600.0032480000003,inf,-inf,600.0
minlphi1.bch,blowup,roundrobin,both,ipoptxn,timeout,42172,600.4523900000004,inf,582.236128820443,600.0
minlphi1.bch,blowup,smearsumrel,both,ipoptxn,timeout,43700,600.0021330000003,inf,-inf,600.0
minlphi1.bch,blowup,lsmear-guard,both,ipoptxn,timeout,42266,600.9666350000002,inf,582.2361296736418,600.0
minlphi1.bch,blowup,ref-ipopt,both,ipoptxn,timeout,39772,599.9834020000002,inf,-inf,600.0
mistake.bch,coconutbenchmark-library2,lsmear,both,ipoptxn,timeout,180094,600.0059090000001,-0.9999999999893173,-1.0019203993975272,600.0
mistake.bch,coconutbenchmark-library2,roundrobin,both,ipoptxn,timeout,165446,600.0009140000002,-0.9999999999891865,-1.0032848060020831,600.0
mistake.bch,coconutbenchmark-library2,smearsumrel,both,ipoptxn,timeout,172086,600.0018530000002,-0.9999999999902932,-1.1646984085244094,600.0
mistake.bch,coconutbenchmark-library2,lsmear-guard,both,ipoptxn,timeout,178804,600.0022710000002,-0.9999999999893173,-1.0019726366221868,600.0
mistake.bch,coconutbenchmark-library2,ref-ipopt,both,ipoptxn,timeout,170776,599.9987050000003,-0.9999999999996945,-1.001785984980139,600.0
modele_opti.bch,coconutbenchmark-library2,lsmear,both,ipoptxn,timeout,1233806,600.1366640000003,-79462.33854854073,-inf,600.0
modele_opti.bch,coconutbenchmark-library2,roundrobin,both,ipoptxn,unbounded,790,1.5866800000000003,-60.516253909023845,-inf,600.0
modele_opti.bch,coconutbenchmark-library2,smearsumrel,both,ipoptxn,killed,0,960.0,inf,-inf,600.0
modele_opti.bch,coconutbenchmark-library2,lsmear-guard,both,ipoptxn,unbounded,4624,6.582700000000001,-177.37579198633753,-inf,600.0
modele_opti.bch,coconutbenchmark-library2,ref-ipopt,both,ipoptxn,unbounded_obj,612,1.616674000000001,-60.516253909023845,-inf,600.0
odfits.bch,coconutbenchmark-library2,lsmear,both,ipoptxn,complete,3374,7.849808000000002,-2380.026774377328,-2382.4091835608883,600.0
odfits.bch,coconutbenchmark-library2,roundrobin,both,ipoptxn,complete,38270,56.329416000000016,-2380.026774377328,-2382.4091835608883,600.0
odfits.bch,coconutbenchmark-library2,smearsumrel,both,ipoptxn,timeout,284630,600.0016050000002,-2380.026774377328,-2433.6999968003265,600.0
odfits.bch,coconutbenchmark-library2,lsmear-guard,both,ipoptxn,complete,3374,7.861416000000002,-2380.026774377328,-2382.4091835608883,600.0
odfits.bch,coconutbenchmark-library2,ref-ipopt,both,ipoptxn,timeout,314862,599.9961530000003,inf,-1.0314592644829405e+20,600.0
optcntrl.bch,coconutbenchmark-library2,lsmear,both,ipoptxn,complete,0,2.000000000002e-06,549.9999905803836,549.4505400403434,600.0
optcntrl.bch,coconutbenchmark-library2,roundrobin,both,ipoptxn,complete,0,2.000000000002e-06,549.9999905803836,549.4505400403434,600.0
optcntrl.bch,coconutbenchmark-library2,smearsumrel,both,ipoptxn,complete,0,1.000000000001e-06,549.9999905803836,549.4505400403434,600.0
optcntrl.bch,coconutbenchmark-library2,lsmear-guard,both,ipoptxn,complete,0,1.000000000001e-06,549.9999905803836,549.4505400403434,600.0
optcntrl.bch,coconutbenchmark-library2,ref-ipopt,both,ipoptxn,complete,0,2.000000000002001e-06,549.9999905803835,549.4505400403433,600.0
optmass.bch,coconutbenchmark-library2,lsmear,both,ipoptxn,timeout,14270,600.1478550000003,-0.1895425608056163,-0.5341501904477919,600.0
optmass.bch,coconutbenchmark-library2,roundrobin,both,ipoptxn,timeout,16010,600.0136120000001,-0.1895425432757876,-0.5222940463171897,600.0
optmass.bch,coconutbenchmark-library2,smearsumrel,both,ipoptxn,timeout,14892,600.1371400000003,-0.1895425608056163,-0.536893897295772,600.0
optmass.bch,coconutbenchmark-library2,lsmear-guard,both,ipoptxn,timeout,14244,600.0260820000003,-0.1895425608056163,-0.5341501904477919,600.0
optmass.bch,coconutbenchmark-library2,ref-ipopt,both,ipoptxn,timeout,16546,599.7715840000004,-0.18954255946931206,-0.5341501899769419,600.0
optprloc.bch,coconutbenchmark-library2,lsmear,both,ipoptxn,complete,2,0.02407100000000001,-16.419773828551172,-16.436210038589756,600.0
optprloc.bch,coconutbenchmark-library2,roundrobin,both,ipoptxn,complete,2,0.02327499999999999,-16.419773828551172,-16.436210038589756,600.0
optprloc.bch,coconutbenchmark-library2,smearsumrel,both,ipoptxn,complete,2,0.14415299999999998,-16.419773828551172,-16.436210038589756,600.0
optprloc.bch,coconutbenchmark-library2,lsmear-guard,both,ipoptxn,complete,2,0.02413500000000013,-16.419773828551172,-16.436210038589756,600.0
optprloc.bch,coconutbenchmark-library2,ref-ipopt,both,ipoptxn,complete,2,0.02398500000000015,-16.419773828551172,-16.436210038589756,600.0
orthregb.bch,coconutbenchmark-library2,lsmear,both,ipoptxn,timeout,85806,600.0097290000002,1.1093356479670479e-29,-15600000912,600.0
orthregb.bch,coconutbenchmark-library2,roundrobin,both,ipoptxn,timeout,161794,600.0005870000002,5.5959820464115525e-30,-15600000912,600.0
orthregb.bch,coconutbenchmark-library2,smearsumrel,both,ipoptxn,timeout,80852,600.0004450000002,9.515634669228455e-30,-15600000912,600.0
orthregb.bch,coconutbenchmark-library2,lsmear-guard,both,ipoptxn,timeout,102646,600.0113780000004,5.5590041914793176e-30,-15600000912,600.0
orthregb.bch,coconutbenchmark-library2,ref-ipopt,both,ipoptxn,timeout,26194,599.9629970000003,inf,-1.3280000000000012e+41,600.0
orthrege.bch,coconutbenchmark-library2,lsmear,both,ipoptxn,timeout,27830,600.0141560000002,2.752617417876047,-2.9640000000000006e+17,600.0
orthrege.bch,coconutbenchmark-library2,roundrobin,both,ipoptxn,killed,0,960.0,inf,-inf,600.0
orthrege.bch,coconutbenchmark-library2,smearsumrel,both,ipoptxn,killed,0,960.0,inf,-inf,600.0
orthrege.bch,coconutbenchmark-library2,lsmear-guard,both,ipoptxn,timeout,55402,600.0413810000001,2.7544221302528515,-2.9640000000000006e+17,600.0
orthrege.bch,coconutbenchmark-library2,ref-ipopt,both,ipoptxn,timeout,30150,599.9952750000003,inf,-3.694491460779424e+27,600.0
pentagon.bch,coconutbenchmark-library2,lsmear,both,ipoptxn,timeout,624218,600.0091660000004,0.00013652937476646225,7.235651560102895e-08,600.0
pentagon.bch,coconutbenchmark-library2,roundrobin,both,ipoptxn,complete,14516,18.148101000000004,0.00013652182831648362,0.00013638544287361003,600.0
pentagon.bch,coconutbenchmark-library2,smearsumrel,both,ipoptxn,timeout,622178,600.0004660000003,0.00013652289632507574,7.235651560108207e-08,600.0
pentagon.bch,coconutbenchmark-library2,lsmear-guard,both,ipoptxn,complete,22848,22.803463000000004,0.00013652262923219253,0.00013638624298920336,600.0
pentagon.bch,coconutbenchmark-library2,ref-ipopt,both,ipoptxn,complete,8402,13.60223900000001,0.00013652182626237104,0.00013638544082154953,600.0
polak1.bch,coconutbenchmark-library2,lsmear,both,ipoptxn,complete,4404,0.6967540000000002,2.718281866119934,2.7155662998201144,600.0
polak1.bch,coconutbenchmark-library2,roundrobin,both,ipoptxn,timeout,27833068,600.0000790000003,inf,1.7976931348623157e+308,600.0
polak1.bch,coconutbenchmark-library2,smearsumrel,both,ipoptxn,complete,4404,0.7021320000000002,2.718281866119934,2.7155662998201144,600.0
polak1.bch,coconutbenchmark-library2,lsmear-guard,both,ipoptxn,timeout,27592832,600.0000510000002,inf,1.7976931348623157e+308,600.0
polak1.bch,coconutbenchmark-library2,ref-ipopt,both,ipoptxn,complete,38,0.02392400000000001,2.718281829465142,2.7155662632019406,600.0
polak2.bch,coconutbenchmark-library2,lsmear,both,ipoptxn,complete,22100,1.3432860000000004,54.59815025429668,54.543606647649035,600.0
polak2.bch,coconutbenchmark-library2,roundrobin,both,ipoptxn,timeout,19859918,600.0000120000002,inf,54.59815003314423,600.0
polak2.bch,coconutbenchmark-library2,smearsumrel,both,ipoptxn,complete,22100,1.3393070000000005,54.59815025429668,54.543606647649035,600.0
polak2.bch,coconutbenchmark-library2,lsmear-guard,both,ipoptxn,timeout,19692898,600.0000420000002,inf,54.59815003314423,600.0
polak2.bch,coconutbenchmark-library2,ref-ipopt,both,ipoptxn,complete,2344,2.374285000000001,54.598150034837,54.543606428408594,600.0
polak3.bch,coconutbenchmark-library2,lsmear,both,ipoptxn,timeout,2115362,600.0005400000003,5.937108491649096,2.6895578633467427,600.0
polak3.bch,coconutbenchmark-library2,roundrobin,both,ipoptxn,timeout,2379164,600.0003600000003,inf,3.5858434233531407,600.0
polak3.bch,coconutbenchmark-library2,smearsumrel,both,ipoptxn,timeout,2120724,600.0003430000002,5.937108491649096,2.6895578633467427,600.0
polak3.bch,coconutbenchmark-library2,lsmear-guard,both,ipoptxn,timeout,2386182,600.0003680000003,inf,3.5868872417637165,600.0
polak3.bch,coconutbenchmark-library2,ref-ipopt,both,ipoptxn,infeasible,0,1.999999999974245e-06,inf,-inf,600.0
polak4.bch,coconutbenchmark-library2,lsmear,both,ipoptxn,complete,4176,0.10641300000000004,9.999999994736442e-10,0,600.0
polak4.bch,coconutbenchmark-library2,roundrobin,both,ipoptxn,complete,2112,0.8283030000000001,1.0000100157669944e-09,-9.899998998423299e-08,600.0
polak4.bch,coconutbenchmark-library2,smearsumrel,both,ipoptxn,complete,4176,0.10660300000000002,9.999999994736442e-10,0,600.0
polak4.bch,coconutbenchmark-library2,lsmear-guard,both,ipoptxn,complete,2120,0.8254610000000003,1.0000100157669944e-09,-9.899998998423299e-08,600.0
polak4.bch,coconutbenchmark-library2,ref-ipopt,both,ipoptxn,complete,74,0.5366970000000004,1.002005145522844e-09,-9.899799485447715e-08,600.0
polak5.bch,coconutbenchmark-library2,lsmear,both,ipoptxn,complete,4324,0.11059100000000004,50.000000001039766,49.95004995108869,600.0
polak5.bch,coconutbenchmark-library2,roundrobin,both,ipoptxn,complete,668,0.18148900000000007,50.000000001000004,49.95004995104896,600.0
polak5.bch,coconutbenchmark-library2,smearsumrel,both,ipoptxn,complete,4324,0.10798800000000003,50.000000001039766,49.95004995108869,600.0
polak5.bch,coconutbenchmark-library2,lsmear-guard,both,ipoptxn,complete,600,0.14758500000000002,50.000000001000004,49.95004995104896,600.0
polak5.bch,coconutbenchmark-library2,ref-ipopt,both,ipoptxn,complete,82,0.06583500000000005,50.000000001039766,49.95004995108869,600.0
polak6.bch,coconutbenchmark-library2,lsmear,both,ipoptxn,killed,0,960.0,inf,-inf,600.0
polak6.bch,coconutbenchmark-library2,roundrobin,both,ipoptxn,killed,0,960.0,inf,-inf,600.0
polak6.bch,coconutbenchmark-library2,smearsumrel,both,ipoptxn,killed,0,960.0,inf,-inf,600.0
polak6.bch,coconutbenchmark-library2,lsmear-guard,both,ipoptxn,killed,0,960.0,inf,-inf,600.0
polak6.bch,coconutbenchmark-library2,ref-ipopt,both,ipoptxn,timeout,420162,599.9985800000002,inf,-1e+20,600.0
pollut.bch,unsolved,lsmear,both,ipoptxn,timeout,36694,600.0112990000001,-5353268.628747333,-5407766.438819729,600.0
pollut.bch,unsolved,roundrobin,both,ipoptxn,timeout,43942,600.0225680000003,-5353268.628747333,-5625233.01646171,600.0
pollut.bch,unsolved,smearsumrel,both,ipoptxn,timeout,42010,600.0294020000001,-5353268.628747333,-5518659.983410655,600.0
pollut.bch,unsolved,lsmear-guard,both,ipoptxn,timeout,36742,600.0308080000003,-5353268.628747333,-5407766.438819729,600.0
pollut.bch,unsolved,ref-ipopt,both,ipoptxn,timeout,37176,599.9804380000002,-5353268.628747333,-5404900.756488182,600.0
polygon25.bch,others,lsmear,both,ipoptxn,timeout,7034,600.1050480000002,-0.7523851707382277,-7.44087141023773,600.0
polygon25.bch,others,roundrobin,both,ipoptxn,timeout,9572,600.0451280000003,-0.7371216072156259,-11,600.0
polygon25.bch,others,smearsumrel,both,ipoptxn,timeout,9704,600.0812480000002,-0.7521931077189276,-10.707106781186567,600.0
polygon25.bch,others,lsmear-guard,both,ipoptxn,timeout,6980,600.1707200000003,-0.7523851707382277,-7.44087141023773,600.0
polygon25.bch,others,ref-ipopt,both,ipoptxn,timeout,7596,599.9738120000002,-0.7491373399112211,-7.4394507152313105,600.0
portfl1.bch,coconutbenchmark-library2,lsmear,both,ipoptxn,timeout,78698,600.0046270000003,0.020486274591519214,0.008416732414176198,600.0
portfl1.bch,coconutbenchmark-library2,roundrobin,both,ipoptxn,timeout,95322,600.0004890000002,0.020486274591519214,0.010715880188979583,600.0
portfl1.bch,coconutbenchmark-library2,smearsumrel,both,ipoptxn,timeout,83086,600.0120650000001,0.020486274591519214,0.006673302750481565,600.0
portfl1.bch,coconutbenchmark-library2,lsmear-guard,both,ipoptxn,timeout,78824,600.0089600000002,0.020486274591519214,0.008419492464530023,600.0
portfl1.bch,coconutbenchmark-library2,ref-ipopt,both,ipoptxn,timeout,82012,599.9911390000003,0.020486274591519214,0.009550238312554913,600.0
pressure-vessel.bch,easy,lsmear,both,ipoptxn,complete,2,0.0004720000000000002,3084.711052568136,3081.6294231449915,600.0
pressure-vessel.bch,easy,roundrobin,both,ipoptxn,complete,2,0.0002999999999999999,3084.711052568136,3081.6294231449915,600.0
pressure-vessel.bch,easy,smearsumrel,both,ipoptxn,complete,2,0.0009700000000000021,3084.711052568136,3081.6294231449915,600.0
pressure-vessel.bch,easy,lsmear-guard,both,ipoptxn,complete,2,0.00047900000000000026,3084.711052568136,3081.6294231449915,600.0
pressure-vessel.bch,easy,ref-ipopt,both,ipoptxn,complete,2,0.0005069999999999988,3084.711052568136,3081.6294231449915,600.0
process.bch,easy,lsmear,both,ipoptxn,complete,6,0.047737000000000016,-1161.3366116684065,-1162.4991107791855,600.0
process.bch,easy,roundrobin,both,ipoptxn,complete,14,0.07158800000000003,-1161.3366116684065,-1162.4991107791855,600.0
process.bch,easy,smearsumrel,both,ipoptxn,complete,8,0.06023100000000001,-1161.3366116684065,-1162.4991107791855,600.0
process.bch,easy,lsmear-guard,both,ipoptxn,complete,6,0.047945000000000015,-1161.3366116684065,-1162.4991107791855,600.0
process.bch,easy,ref-ipopt,both,ipoptxn,complete,6,0.04940000000000001,-1161.3366116684065,-1162.4991107791855,600.0
prolog.bch,unsolved,lsmear,both,ipoptxn,timeout,22476,600.0103680000002,5.6836288422346115e-06,-439563.1711014956,600.0
prolog.bch,unsolved,roundrobin,both,ipoptxn,timeout,35902,600.0203840000003,6.345915608108044e-06,-23531628.339460056,600.0
prolog.bch,unsolved,smearsumrel,both,ipoptxn,timeout,39204,600.0859320000002,8.36048275232315e-06,-294613.7418409319,600.0
prolog.bch,unsolved,lsmear-guard,both,ipoptxn,timeout,32380,600.0342460000002,3.5607372410595417e-06,-222949.24505108967,600.0
prolog.bch,unsolved,ref-ipopt,both,ipoptxn,timeout,74454,599.9971970000003,9352.867818687244,-1.401887554931624e+20,600.0
qp1-1.bch,unsolved,lsmear,both,ipoptxn,timeout,5880,600.2215470000002,0.0008093324021506978,-4.5425722127206996,600.0
qp1-1.bch,unsolved,roundrobin,both,ipoptxn,timeout,6558,600.0493550000002,0.0008093324021506978,-4.995403644336708,600.0
qp1-1.bch,unsolved,smearsumrel,both,ipoptxn,timeout,5550,600.0983520000002,0.0008093324021506978,-6.752936781125095,600.0
qp1-1.bch,unsolved,lsmear-guard,both,ipoptxn,timeout,5868,600.0815190000002,0.0008093324021506978,-4.5425722127206996,600.0
qp1-1.bch,unsolved,ref-ipopt,both,ipoptxn,timeout,6480,599.8577700000004,0.0008093324021506978,-4.587292197799675,600.0
qp1.bch,unsolved,lsmear,both,ipoptxn,timeout,5500,600.0991560000002,0.0008093324021506949,-4.542572271879543,600.0
qp1.bch,unsolved,roundrobin,both,ipoptxn,timeout,6370,600.1023610000002,0.0008093324021506949,-4.816479202849984,600.0
qp1.bch,unsolved,smearsumrel,both,ipoptxn,timeout,5130,600.0216420000002,0.0008093324021506949,-6.711340016074395,600.0
qp1.bch,unsolved,lsmear-guard,both,ipoptxn,timeout,5538,600.1882570000002,0.0008093324021506949,-4.542572271879543,600.0
qp1.bch,unsolved,ref-ipopt,both,ipoptxn,timeout,6330,599.9939330000002,0.0008093324021506949,-4.545538746578989,600.0
qp2.bch,unsolved,lsmear,both,ipoptxn,timeout,10420,600.1065160000003,0.0008093324021506562,-4.5026735728787,600.0
qp2.bch,unsolved,roundrobin,both,ipoptxn,timeout,11086,600.0015870000003,0.0008093324021506562,-4.700536015051569,600.0
qp2.bch,unsolved,smearsumrel,both,ipoptxn,timeout,9790,600.1294040000004,0.0008093324021506562,-5.247704377355026,600.0
qp2.bch,unsolved,lsmear-guard,both,ipoptxn,timeout,10498,600.0709970000003,0.0008093324021506562,-4.5026735728787,600.0
qp2.bch,unsolved,ref-ipopt,both,ipoptxn,timeout,12528,599.9300750000004,0.0008093324021506562,-3.279123261574626,600.0
ramsey.bch,blowup,lsmear,both,ipoptxn,complete,2,0.015748999999999985,-2.487468844882421,-2.4899588036861067,600.0
ramsey.bch,blowup,roundrobin,both,ipoptxn,complete,2,0.02993499999999999,-2.487468844882421,-2.4899588036861067,600.0
ramsey.bch,blowup,smearsumrel,both,ipoptxn,complete,2,0.071769,-2.487468844882421,-2.4899588036861067,600.0
ramsey.bch,blowup,lsmear-guard,both,ipoptxn,complete,2,0.016849999999999976,-2.487468844882421,-2.4899588036861067,600.0
ramsey.bch,blowup,ref-ipopt,both,ipoptxn,complete,2,0.015958,-2.487468844882421,-2.4899588036861067,600.0
ramseybis.bch,blowup,lsmear,both,ipoptxn,complete,2,0.006037000000000042,-2.4874688448838143,-2.489958803687501,600.0
ramseybis.bch,blowup,roundrobin,both,ipoptxn,complete,2,0.00945299999999999,-2.4874688448838143,-2.489958803687501,600.0
ramseybis.bch,blowup,smearsumrel,both,ipoptxn,complete,2,0.046364000000000016,-2.4874688448838143,-2.489958803687501,600.0
ramseybis.bch,blowup,lsmear-guard,both,ipoptxn,complete,2,0.006029000000000007,-2.4874688448838143,-2.489958803687501,600.0
ramseybis.bch,blowup,ref-ipopt,both,ipoptxn,complete,2,0.006040000000000018,-2.4874688448838143,-2.489958803687501,600.0
rastrigin.bch,easy,lsmear,both,ipoptxn,complete,10,0.017538000000000005,2.1316282072803006e-14,0,600.0
rastrigin.bch,easy,roundrobin,both,ipoptxn,complete,10,0.015676000000000006,2.1316282072803006e-14,0,600.0
rastrigin.bch,easy,smearsumrel,both,ipoptxn,complete,10,0.017148000000000004,2.1316282072803006e-14,0,600.0
rastrigin.bch,easy,lsmear-guard,both,ipoptxn,complete,10,0.017700000000000004,2.1316282072803006e-14,0,600.0
rastrigin.bch,easy,ref-ipopt,both,ipoptxn,complete,34,0.05405700000000002,2.1316282072803006e-14,0,600.0
rk23.bch,coconutbenchmark-library2,lsmear,both,ipoptxn,timeout,7370746,600.0000890000002,inf,0,600.0
rk23.bch,coconutbenchmark-library2,roundrobin,both,ipoptxn,timeout,8114052,600.0000630000003,inf,0,600.0
rk23.bch,coconutbenchmark-library2,smearsumrel,both,ipoptxn,timeout,7450932,600.0000250000003,inf,0,600.0
rk23.bch,coconutbenchmark-library2,lsmear-guard,both,ipoptxn,timeout,8163826,600.0001650000002,inf,0,600.0
rk23.bch,coconutbenchmark-library2,ref-ipopt,both,ipoptxn,timeout,94634,599.9966590000002,inf,0,600.0
robot.bch,coconutbenchmark-library2,lsmear,both,ipoptxn,timeout,9814448,600.0000840000002,inf,0,600.0
robot.bch,coconutbenchmark-library2,roundrobin,both,ipoptxn,complete,112144,231.89608200000006,5.46284120610309,5.457383822280811,600.0
robot.bch,coconutbenchmark-library2,smearsumrel,both,ipoptxn,timeout,9818384,600.0000870000002,inf,0,600.0
robot.bch,coconutbenchmark-library2,lsmear-guard,both,ipoptxn,complete,114544,244.91559500000008,5.462841206103036,5.4573838222807565,600.0
robot.bch,coconutbenchmark-library2,ref-ipopt,both,ipoptxn,complete,61492,148.3599940000001,5.462841206103038,5.457383822280758,600.0
rosenbrock.bch,easy,lsmear,both,ipoptxn,complete,0,1.000000000001e-06,5.558376189986355e-15,-9.999999444162379e-08,600.0
rosenbrock.bch,easy,roundrobin,both,ipoptxn,complete,0,1.000000000001e-06,5.558376189986355e-15,-9.999999444162379e-08,600.0
rosenbrock.bch,easy,smearsumrel,both,ipoptxn,complete,0,9.999999999992654e-07,5.558376189986355e-15,-9.999999444162379e-08,600.0
rosenbrock.bch,easy,lsmear-guard,both,ipoptxn,complete,0,9.999999999992654e-07,5.558376189986355e-15,-9.999999444162379e-08,600.0
rosenbrock.bch,easy,ref-ipopt,both,ipoptxn,complete,0,9.999999999992654e-07,5.558376189986355e-15,-9.99999944416238e-08,600.0
rosenbrock10.bch,easy,lsmear,both,ipoptxn,complete,0,1.000000000001e-06,1.91589993511595e-15,-9.999999808410004e-08,600.0
rosenbrock10.bch,easy,roundrobin,both,ipoptxn,complete,0,9.999999999975306e-07,1.91589993511595e-15,-9.999999808410004e-08,600.0
rosenbrock10.bch,easy,smearsumrel,both,ipoptxn,complete,0,1.000000000001e-06,1.91589993511595e-15,-9.999999808410004e-08,600.0
rosenbrock10.bch,easy,lsmear-guard,both,ipoptxn,complete,0,1.9999999999985307e-06,1.91589993511595e-15,-9.999999808410004e-08,600.0
rosenbrock10.bch,easy,ref-ipopt,both,ipoptxn,complete,0,1.000000000001001e-06,1.91589993511595e-15,-9.999999808410005e-08,600.0
s365mod.bch,coconutbenchmark-library2,lsmear,both,ipoptxn,timeout,263574,600.0023610000002,52.13990442273126,0.25,600.0
s365mod.bch,coconutbenchmark-library2,roundrobin,both,ipoptxn,timeout,215328,600.0015520000003,52.13990441999953,0.25,600.0
s365mod.bch,coconutbenchmark-library2,smearsumrel,both,ipoptxn,timeout,284476,600.0008560000002,52.13990442273126,0.25,600.0
s365mod.bch,coconutbenchmark-library2,lsmear-guard,both,ipoptxn,timeout,206716,600.0285190000002,52.13990442350238,0.25,600.0
s365mod.bch,coconutbenchmark-library2,ref-ipopt,both,ipoptxn,timeout,691258,599.9992200000002,inf,0.25,600.0
sambal.bch,hard,lsmear,both,ipoptxn,complete,9166,48.902580000000015,3.968220357134306,3.964256101033273,600.0
sambal.bch,hard,roundrobin,both,ipoptxn,complete,19480,115.40127300000005,3.968220357134303,3.96425610103327,600.0
sambal.bch,hard,smearsumrel,both,ipoptxn,complete,23048,140.24447000000004,3.9682203571328034,3.964256101031772,600.0
sambal.bch,hard,lsmear-guard,both,ipoptxn,complete,9166,49.55535900000001,3.968220357134306,3.964256101033273,600.0
sambal.bch,hard,ref-ipopt,both,ipoptxn,complete,20876,103.7475350000001,3.968220357139237,3.964256101038199,600.0
schaffer.bch,easy,lsmear,both,ipoptxn,complete,20,0.012730000000000003,3.885780586188048e-16,0,600.0
schaffer.bch,easy,roundrobin,both,ipoptxn,complete,8,0.015037000000000003,5.551115123125783e-17,0,600.0
schaffer.bch,easy,smearsumrel,both,ipoptxn,complete,20,0.015458000000000006,3.885780586188048e-16,0,600.0
schaffer.bch,easy,lsmear-guard,both,ipoptxn,complete,20,0.009765000000000005,5.551115123125783e-17,0,600.0
schaffer.bch,easy,ref-ipopt,both,ipoptxn,complete,24,0.03256100000000001,3.885780586188048e-16,0,600.0
schwefel5-abs.bch,medium,lsmear,both,ipoptxn,timeout,1677724,600.0002200000002,6.363783313645399e-05,-324.0683872724478,600.0
schwefel5-abs.bch,medium,roundrobin,both,ipoptxn,complete,846,1.0298580000000004,6.363783313645399e-05,6.353783313645402e-05,600.0
schwefel5-abs.bch,medium,smearsumrel,both,ipoptxn,timeout,1653014,600.0002760000001,6.363783313645399e-05,-324.0683872724478,600.0
schwefel5-abs.bch,medium,lsmear-guard,both,ipoptxn,complete,882,0.9729160000000002,6.363783313645399e-05,6.353783313645402e-05,600.0
schwefel5-abs.bch,medium,ref-ipopt,both,ipoptxn,complete,564,0.7287310000000004,6.363783313645399e-05,6.353783313645402e-05,600.0
schwefel5.bch,medium,lsmear,both,ipoptxn,timeout,1622066,600.0000680000002,6.363783359120134e-05,-324.06838727244804,600.0
schwefel5.bch,medium,roundrobin,both,ipoptxn,complete,880,1.0862500000000004,6.363783359120134e-05,6.353783359120137e-05,600.0
schwefel5.bch,medium,smearsumrel,both,ipoptxn,timeout,1622862,600.0013060000001,6.363783359120134e-05,-324.06838727244804,600.0
schwefel5.bch,medium,lsmear-guard,both,ipoptxn,complete,956,1.0836690000000004,6.363783359120134e-05,6.353783359120137e-05,600.0
schwefel5.bch,medium,ref-ipopt,both,ipoptxn,complete,730,0.9716990000000003,6.363783359120134e-05,6.353783359120137e-05,600.0
ship-1.bch,easy,lsmear,both,ipoptxn,timeout,337248,600.0008310000003,1.041782255583858,0,600.0
ship-1.bch,easy,roundrobin,both,ipoptxn,complete,192,0.5745830000000002,0,0,600.0
ship-1.bch,easy,smearsumrel,both,ipoptxn,timeout,356194,600.0015370000002,1.0432660392726856,0,600.0
ship-1.bch,easy,lsmear-guard,both,ipoptxn,complete,304,0.9552930000000003,0,0,600.0
ship-1.bch,easy,ref-ipopt,both,ipoptxn,complete,1246,2.093948000000001,5.187398504926286e-08,0,600.0
ship.bch,others,lsmear,both,ipoptxn,unbounded,2900,30.434715000000008,501387.3396138641,-inf,600.0
ship.bch,others,roundrobin,both,ipoptxn,unbounded,858,27.925069000000004,inf,-inf,600.0
ship.bch,others,smearsumrel,both,ipoptxn,unbounded,2900,30.421778000000007,501385.8191770083,-inf,600.0
ship.bch,others,lsmear-guard,both,ipoptxn,unbounded,858,26.327954000000005,inf,-inf,600.0
ship.bch,others,ref-ipopt,both,ipoptxn,unbounded_obj,15662,22.13057300000001,inf,-inf,600.0
srcpm.bch,medium,lsmear,both,ipoptxn,complete,102,2.585665000000001,2109.781833248018,2107.6741590889296,600.0
srcpm.bch,medium,roundrobin,both,ipoptxn,timeout,53972,600.0063730000003,2109.781833248017,1375.629099357453,600.0
srcpm.bch,medium,smearsumrel,both,ipoptxn,timeout,46232,600.0157060000003,2109.781833248017,1581.202752407995,600.0
srcpm.bch,medium,lsmear-guard,both,ipoptxn,complete,102,2.597070000000001,2109.781833248018,2107.6741590889296,600.0
srcpm.bch,medium,ref-ipopt,both,ipoptxn,complete,108,2.412319000000001,2109.781833248018,2107.6741590889296,600.0
synthes1.bch,coconutbenchmark-library2,lsmear,both,ipoptxn,complete,2,0.005998999999999997,0.7592843993343052,0.7585258734608445,600.0
synthes1.bch,coconutbenchmark-library2,roundrobin,both,ipoptxn,complete,2,0.005891000000000002,0.7592843993343052,0.7585258734608445,600.0
synthes1.bch,coconutbenchmark-library2,smearsumrel,both,ipoptxn,complete,2,0.005945000000000002,0.7592843993343052,0.7585258734608445,600.0
synthes1.bch,coconutbenchmark-library2,lsmear-guard,both,ipoptxn,complete,2,0.005895000000000004,0.7592843993343052,0.7585258734608445,600.0
synthes1.bch,coconutbenchmark-library2,ref-ipopt,both,ipoptxn,complete,14,0.01516900000000001,0.7592843993343052,0.7585258734608445,600.0
test_infinity2.bch,easy,lsmear,both,ipoptxn,complete,4,0.006405000000000002,0,0,600.0
test_infinity2.bch,easy,roundrobin,both,ipoptxn,complete,4,0.006292000000000002,0,0,600.0
test_infinity2.bch,easy,smearsumrel,both,ipoptxn,complete,4,0.006237000000000003,0,0,600.0
test_infinity2.bch,easy,lsmear-guard,both,ipoptxn,complete,4,0.006318000000000002,0,0,600.0
test_infinity2.bch,easy,ref-ipopt,both,ipoptxn,complete,66,0.02809900000000001,1.3020199024042284e-12,0,600.0
test_infinity3.bch,others,lsmear,both,ipoptxn,unbounded,112,0.003166000000000001,1.040542289705944e+56,-inf,600.0
test_infinity3.bch,others,roundrobin,both,ipoptxn,unbounded,110,0.002967,1.040542289705944e+56,-inf,600.0
test_infinity3.bch,others,smearsumrel,both,ipoptxn,unbounded,112,0.0030650000000000004,1.040542289705944e+56,-inf,600.0
test_infinity3.bch,others,lsmear-guard,both,ipoptxn,unbounded,110,0.002926,1.040542289705944e+56,-inf,600.0
test_infinity3.bch,others,ref-ipopt,both,ipoptxn,complete,134,0.06055800000000002,2.387428507462113e-28,-9.999999999999998e-08,600.0
test_infinity4.bch,others,lsmear,both,ipoptxn,unbounded,214,0.012233000000000003,-1.7976931348623157e+308,-inf,600.0
test_infinity4.bch,others,roundrobin,both,ipoptxn,unbounded,218,0.011841000000000003,-1.7976931348623157e+308,-inf,600.0
test_infinity4.bch,others,smearsumrel,both,ipoptxn,unbounded,214,0.013025000000000002,-1.7976931348623157e+308,-inf,600.0
test_infinity4.bch,others,lsmear-guard,both,ipoptxn,unbounded,214,0.011891000000000002,-1.7976931348623157e+308,-inf,600.0
test_infinity4.bch,others,ref-ipopt,both,ipoptxn,complete,0,1.000000000000133e-06,-6.299999999999999e+80,-6.306306306306304e+80,600.0
wall.bch,easy,lsmear,both,ipoptxn,infeasible,0,2.0000000000002655e-06,inf,-inf,600.0
wall.bch,easy,roundrobin,both,ipoptxn,infeasible,0,2.0000000000002655e-06,inf,-inf,600.0
wall.bch,easy,smearsumrel,both,ipoptxn,infeasible,0,2.0000000000002655e-06,inf,-inf,600.0
wall.bch,easy,lsmear-guard,both,ipoptxn,infeasible,0,1.000000000001e-06,inf,-inf,600.0
wall.bch,easy,ref-ipopt,both,ipoptxn,infeasible,472,2.931348000000002,inf,8.57363835594891e-08,600.0
water-abs.bch,unsolved,lsmear,both,ipoptxn,timeout,14784,600.0905190000002,839.940989755179,536.490761034707,600.0
water-abs.bch,unsolved,roundrobin,both,ipoptxn,timeout,19246,600.0684980000003,839.9409768248206,583.7530348472478,600.0
water-abs.bch,unsolved,smearsumrel,both,ipoptxn,timeout,17988,600.0212290000002,841.1564769406933,452.799638509189,600.0
water-abs.bch,unsolved,lsmear-guard,both,ipoptxn,timeout,14974,600.0216040000003,839.940989755179,537.9415486706471,600.0
water-abs.bch,unsolved,ref-ipopt,both,ipoptxn,timeout,17238,599.9403170000002,839.9409893650344,512.7417767084161,600.0
water.bch,unsolved,lsmear,both,ipoptxn,timeout,23166,601.5163860000002,889.2610926569489,141.2517612097745,600.0
water.bch,unsolved,roundrobin,both,ipoptxn,timeout,18336,600.1007740000003,839.9410113647881,573.4609535129855,600.0
water.bch,unsolved,smearsumrel,both,ipoptxn,timeout,23484,600.0134170000002,889.2610926569489,141.2517612097745,600.0
water.bch,unsolved,lsmear-guard,both,ipoptxn,timeout,17950,600.0320760000003,839.9410672138334,587.430776163507,600.0
water.bch,unsolved,ref-ipopt,both,ipoptxn,timeout,26746,599.9782780000003,839.9409837052713,643.7387709403847,600.0
water1-abs.bch,unsolved,lsmear,both,ipoptxn,timeout,14892,600.0422330000002,839.9409768240827,346.21111621744063,600.0
water1-abs.bch,unsolved,roundrobin,both,ipoptxn,timeout,15952,600.0498640000002,839.9409893482753,614.0898294901355,600.0
water1-abs.bch,unsolved,smearsumrel,both,ipoptxn,timeout,14830,600.0365620000002,839.9409713079895,413.05517140837776,600.0
water1-abs.bch,unsolved,lsmear-guard,both,ipoptxn,timeout,14918,600.0632800000002,839.9409768240827,346.21111621744063,600.0
water1-abs.bch,unsolved,ref-ipopt,both,ipoptxn,timeout,15508,599.8812170000004,839.9409832730786,361.51618766974366,600.0
water1.bch,unsolved,lsmear,both,ipoptxn,timeout,45514,600.0183000000002,839.940992820568,141.25176120977446,600.0
water1.bch,unsolved,roundrobin,both,ipoptxn,timeout,20166,600.0140410000001,839.9410714564129,631.0816146723953,600.0
water1.bch,unsolved,smearsumrel,both,ipoptxn,timeout,45920,600.0091790000001,839.940992820568,141.25176120977446,600.0
water1.bch,unsolved,lsmear-guard,both,ipoptxn,timeout,19984,600.0036370000003,839.9410543699845,487.87853931117144,600.0
water1.bch,unsolved,ref-ipopt,both,ipoptxn,timeout,27972,599.9895410000003,839.9409798635304,649.2250829721918,600.0
